-- ============================================================
-- Car Inventory Schema (ระบบสต๊อกรถยนต์มือสอง)
-- ============================================================
SET NAMES utf8mb4;
SET time_zone = '+07:00';

CREATE TABLE IF NOT EXISTS branches (
  id        INT AUTO_INCREMENT PRIMARY KEY,
  name      VARCHAR(100) NOT NULL,
  province  VARCHAR(100) NOT NULL
) ENGINE=InnoDB DEFAULT CHARSET=utf8mb4;

CREATE TABLE IF NOT EXISTS dealers (
  id        INT AUTO_INCREMENT PRIMARY KEY,
  name      VARCHAR(100) NOT NULL,
  phone     VARCHAR(30)
) ENGINE=InnoDB DEFAULT CHARSET=utf8mb4;

CREATE TABLE IF NOT EXISTS brands (
  id        INT AUTO_INCREMENT PRIMARY KEY,
  name      VARCHAR(60) NOT NULL UNIQUE
) ENGINE=InnoDB DEFAULT CHARSET=utf8mb4;

CREATE TABLE IF NOT EXISTS car_types (
  id          INT AUTO_INCREMENT PRIMARY KEY,
  value       VARCHAR(30) NOT NULL UNIQUE,
  label       VARCHAR(60) NOT NULL,
  sort_order  INT NOT NULL DEFAULT 0
) ENGINE=InnoDB DEFAULT CHARSET=utf8mb4;

CREATE TABLE IF NOT EXISTS users (
  id            INT AUTO_INCREMENT PRIMARY KEY,
  username      VARCHAR(50) NOT NULL UNIQUE,
  password_hash VARCHAR(255) NOT NULL,
  name          VARCHAR(100),
  role          VARCHAR(20) NOT NULL DEFAULT 'admin',
  created_at    TIMESTAMP DEFAULT CURRENT_TIMESTAMP
) ENGINE=InnoDB DEFAULT CHARSET=utf8mb4;

CREATE TABLE IF NOT EXISTS settings (
  setting_key   VARCHAR(50) PRIMARY KEY,
  setting_value TEXT NOT NULL,
  updated_at    TIMESTAMP DEFAULT CURRENT_TIMESTAMP ON UPDATE CURRENT_TIMESTAMP
) ENGINE=InnoDB DEFAULT CHARSET=utf8mb4;

CREATE TABLE IF NOT EXISTS cars (
  id                INT AUTO_INCREMENT PRIMARY KEY,
  brand             VARCHAR(50)  NOT NULL,
  model             VARCHAR(80)  NOT NULL,
  car_type          VARCHAR(30)  NOT NULL,
  model_year        INT          NOT NULL,
  price             DECIMAL(12,2) NOT NULL,
  transmission      ENUM('auto','manual') NOT NULL,
  drivetrain        ENUM('2wd','4wd') NOT NULL DEFAULT '2wd',
  fuel_type         ENUM('gasoline','diesel','hybrid','ev') NOT NULL DEFAULT 'gasoline',
  mileage           INT          NOT NULL DEFAULT 0,
  color             VARCHAR(40),
  color_code        VARCHAR(20),
  license_plate     VARCHAR(20)  NOT NULL,
  status            ENUM('available','incoming','reserved','sold') NOT NULL DEFAULT 'available',
  featured          TINYINT(1)   NOT NULL DEFAULT 0,
  engine            VARCHAR(60),
  seats             INT,
  doors             INT,
  purchase_date     DATE         NOT NULL,
  registration_date DATE,
  branch_id         INT          NOT NULL,
  dealer_id         INT          NOT NULL,
  description       TEXT,
  equipment         JSON,
  images            JSON,
  created_at        TIMESTAMP DEFAULT CURRENT_TIMESTAMP,
  CONSTRAINT fk_branch FOREIGN KEY (branch_id) REFERENCES branches(id),
  CONSTRAINT fk_dealer FOREIGN KEY (dealer_id) REFERENCES dealers(id),
  INDEX idx_brand (brand),
  INDEX idx_type (car_type),
  INDEX idx_status (status),
  INDEX idx_price (price),
  INDEX idx_featured (featured),
  INDEX idx_plate (license_plate)
) ENGINE=InnoDB DEFAULT CHARSET=utf8mb4;

-- ------------------------------------------------------------
-- Seed data (generated from rungniran wp_posts export)
-- ------------------------------------------------------------
INSERT INTO branches (name, province) VALUES
  ('สำนักงานใหญ่', 'อุดรธานี'),
  ('ดีรุ่งเรือง', 'อุดรธานี'),
  ('สกลนคร', 'สกลนคร'),
  ('โคราช', 'นครราชสีมา'),
  ('บึงกาฬ', 'บึงกาฬ'),
  ('หนองบัวลำภู', 'หนองบัวลำภู'),
  ('มหาสารคาม', 'มหาสารคาม'),
  ('ดีเวลล์โคราช', 'นครราชสีมา');

INSERT INTO dealers (name, phone) VALUES
  ('รุ่งนิรันดร์', NULL),
  ('ดีรุ่งเรือง', NULL),
  ('ดีเวลล์', NULL);

INSERT INTO brands (name) VALUES
  ('Toyota'),
  ('Honda'),
  ('Isuzu'),
  ('Mazda'),
  ('Mitsubishi'),
  ('Suzuki'),
  ('Ford'),
  ('Nissan'),
  ('MG'),
  ('Chevrolet'),
  ('NETA'),
  ('BMW'),
  ('Yamaha'),
  ('Kawasaki'),
  ('Benelli');

INSERT INTO car_types (value, label, sort_order) VALUES
  ('sedan','รถเก๋ง',1),
  ('eco','อีโคคาร์',2),
  ('hatchback','รถเก๋ง 5 ประตู',3),
  ('suv','รถ SUV',4),
  ('ppv','รถ PPV',5),
  ('pickup4','กระบะ 4 ประตู',6),
  ('pickupcab','กระบะแค็บ',7),
  ('pickup','กระบะตอนเดียว',8),
  ('van','รถตู้',9),
  ('mpv','รถ MPV',10),
  ('sport','รถสปอร์ต',11),
  ('motorcycle','บิ๊กไบค์',12);

INSERT INTO cars
  (brand, model, car_type, model_year, price, transmission, drivetrain, fuel_type, mileage, color, license_plate, status, featured, seats, doors, purchase_date, registration_date, branch_id, dealer_id, description, images)
VALUES
  ('Toyota', 'CAMRY', 'sedan', 2013, 519000, 'auto', '2wd', 'gasoline', 0, 'ดำ', 'ขค 984', 'available', 0, 5, 4, '2023-08-03', NULL, 1, 1, 'Camry 2.0 G เกียร์ออโต้ NO VAT รุ่งนิรันดร์ ราคาปกติ 499,000 บาท ลดเหลือ 519,000 บาท *ขายสดเท่านั้น*', JSON_ARRAY('https://www.rungniran.co.th/wp-content/uploads/2023/11/ขค-984-อุดรธานี-01.jpg')),
  ('Honda', 'CB650FAG3 TH', 'motorcycle', 2018, 149000, 'manual', '2wd', 'gasoline', 0, 'เทา', '1ขง 8577', 'available', 0, 2, 0, '2024-03-09', NULL, 2, 1, 'HONDA (CB650FAG3 TH) เกียร์ ธรรมดา VAT ดีรุ่งเรือง AY : 126,000 เงินสด 149,000 รับรถ 19,000 (AY) ผ่อน 3,8xx / 48 งวด', JSON_ARRAY('https://www.rungniran.co.th/wp-content/uploads/2025/12/8577.jpg')),
  ('Toyota', 'C-HR 1.8 Mid', 'suv', 2018, 549000, 'auto', '2wd', 'gasoline', 0, 'ดำ', '8กญ 3397', 'available', 1, 5, 4, '2024-05-29', '2018-11-08', 1, 1, 'C-HR 1.8 Mid เกียร์ ออโต้ VAT รุ่งนิรันดร์ (28/5/67) ราคาป้ายแดง 1,039,000 บาท ลดเหลือ 549,000 บาท ผ่อนเริ่มต้น : 8,xxx จำนวน 84 งวด AY : 550 / TTB: 520 / KL : 549 LTE ตรวจGOO 15/5/68', JSON_ARRAY('https://www.rungniran.co.th/wp-content/uploads/2024/07/8กญ-3397-กทม-01.jpg')),
  ('Toyota', 'REVO', 'pickupcab', 2020, 479000, 'manual', '2wd', 'diesel', 0, 'เทา', '3ฒผ 6822', 'available', 1, 4, 2, '2024-07-06', '2020-11-26', 3, 1, 'Toyota Hilux Revo Smart Cab 2.4 Mid Z Edition เกียร์ ธรรมดา VAT รุ่งนิรันดร์ (5/7/67) ราคาป้ายแดง 684,000 บาท ลดเหลือ 479,000 บาท ออกรถ 9 บาท ผ่อนเริ่มต้น : 7,xxx จำนวน 84 งวด KL : 461 / TTB: 430 / AY : 455 EGH', JSON_ARRAY('https://www.rungniran.co.th/wp-content/uploads/2024/09/3ฒฆ-6822-กทม-01.jpg')),
  ('Yamaha', 'YZF-R3', 'motorcycle', 2020, 139000, 'manual', '2wd', 'gasoline', 0, 'ขาว', '3ขช 6021', 'reserved', 0, 2, 0, '2024-10-11', NULL, 2, 1, 'YAMAHA YZF-R3 (B5L600) เกียร์ ธรรมดา VAT ดีรุ่งเรือง AY.116,400 เงินสด 139,000 ดาวน์9,000 (AY) ผ่อน 3,900 / 48 งวด 1.ดีรุ่งเรือง ตั้ม 2/4/69 (สยาม)', JSON_ARRAY('https://www.rungniran.co.th/wp-content/uploads/2024/10/6021-1.jpg')),
  ('Isuzu', 'D-MAX', 'pickupcab', 2022, 659000, 'manual', '4wd', 'diesel', 0, 'ดำ', 'บบ 644', 'available', 0, 4, 2, '2024-11-26', '2022-06-10', 1, 1, 'D-Max All New Cab V-Cross 3.0 Ddi Z 4WD เกียร์ธรรมดา VAT รุ่งนิรันดร์ 25/11/67 ราคาป้ายแดง 882,000 บาท ลดเหลือ 659,000 บาท ผ่อนเริ่มต้น : 10,xxx จำนวน 84 งวด KL : 648 / TTB : 650 / AY : 640 bAA ตรวจGOO 2-2-69', JSON_ARRAY('https://www.rungniran.co.th/wp-content/uploads/2025/01/บบ-644-ตาก-01.jpg')),
  ('Mitsubishi', 'TRITON', 'pickupcab', 2018, 409000, 'manual', '2wd', 'diesel', 0, 'ขาว', 'ผผ 5317', 'reserved', 1, 4, 2, '2025-01-31', '2018-07-16', 1, 1, 'Triton All New Mega Cab 2.4 GLS Ltd Plus เกียร์ ธรรมดา VAT รุ่งนิรันดร์ (30/1/68) ราคาป้ายแดง 737,000 บาท ลดเหลือ 409,000 บาท AY90 ผ่อนเริ่มต้น : 6,xxx จำนวน 84 งวด AY : 390 / KL : 345 / TTB: 390 / CIMB : 341 / KK : 380 EbI ตรวจ GOO 11-5-69 1.โคราช แป้ง 29/5/69 (ศิริลักษณ์)', JSON_ARRAY('https://www.rungniran.co.th/wp-content/uploads/2025/02/ผผ-5317-อุดรธานี-01.jpg')),
  ('Toyota', 'ALTIS', 'sedan', 2019, 549000, 'auto', '2wd', 'gasoline', 0, 'ขาว', 'ขพ 5625', 'available', 1, 5, 4, '2025-02-06', '2019-12-04', 4, 1, 'Corolla Altis 1.6 G เกียร์ ออโต้ VAT รุ่งนิรันดร์ (5/2/68) ราคาป้ายแดง 869,000 บาท ลดเหลือ 549,000 บาท KK87 ผ่อนเริ่มต้น : 9,xxx จำนวน 84 งวด KK : 581 SEP / AY : 540 / KL : 515 / TTB: 530 / CIMB : 477 SAA ตรวจGOO 3/4/68', JSON_ARRAY('https://www.rungniran.co.th/wp-content/uploads/2025/03/9กด-2306-กทม-01.jpg')),
  ('Toyota', 'REVO', 'pickupcab', 2020, 475000, 'manual', '2wd', 'diesel', 0, 'ขาว', 'ผย 3365', 'available', 1, 4, 2, '2025-02-06', '2020-11-24', 3, 1, 'Toyota Hilux Revo Smart Cab 2.4 Mid Z Edition เกียร์ ธรรมดา VAT รุ่งนิรันดร์ (5/2/68) ราคาป้ายแดง 693,000 บาท ลดเหลือ 475,000 บาท AY85 ผ่อนเริ่มต้น : 8,xxx จำนวน 84 งวด AY : 460/ KL : 494 / TTB: 430 / CIMB : / KK : LZA ตรวจGOO 11/3/68', JSON_ARRAY('https://www.rungniran.co.th/wp-content/uploads/2025/03/3ฒฆ-6089-กทม-01.jpg')),
  ('Toyota', 'REVO', 'pickupcab', 2019, 449000, 'manual', '2wd', 'diesel', 0, 'ขาว', 'ผย 3856', 'available', 1, 4, 2, '2025-02-14', '2019-11-06', 1, 1, 'Toyota Hilux Revo Smart Cab 2.4 E Z Edition เกียร์ ธรรมดา VAT รุ่งนิรันดร์ (12/2/68) ราคาป้ายแดง 685,000 บาท ลดเหลือ 449,000 บาท AY90 ผ่อนเริ่มต้น : 7,xxx จำนวน 84 งวด AY : 440 / KL : 452 / TTB: 420 / CIMB : 376 / KK : 480 EHI', JSON_ARRAY('https://www.rungniran.co.th/wp-content/uploads/2025/03/2ฒศ-5307-กทม-01.jpg')),
  ('Toyota', 'REVO', 'pickupcab', 2019, 449000, 'manual', '2wd', 'diesel', 0, 'ขาว', 'ผย 3857', 'available', 1, 4, 2, '2025-02-15', '2019-12-03', 6, 1, 'Toyota Hilux Revo Smart Cab 2.4 E Z Edition เกียร์ ธรรมดา VAT รุ่งนิรันดร์ (14/2/68) ราคาป้ายแดง 685,000 บาท ลดเหลือ 449,000 บาท AY90 ผ่อนเริ่มต้น : 7,xxx จำนวน 84 งวด AY : 440 / KL : 452 / TTB: 420 / CIMB : 376 / KK : 480 MAR EbZ ตรวจGOO 2-2-69 (E) ตรวจGoo 10-2-69', JSON_ARRAY('https://www.rungniran.co.th/wp-content/uploads/2025/03/2ฒษ-3108-กทม-01.jpg')),
  ('Toyota', 'REVO', 'pickupcab', 2021, 499000, 'manual', '2wd', 'diesel', 0, 'ขาว', 'ผย 3858', 'reserved', 1, 4, 2, '2025-02-27', '2021-12-13', 2, 2, 'Toyota Hilux Revo Smart Cab 2.4 Mid Z Edition เกียร์ ธรรมดา VAT ดีรุ่งเรือง (26/2/68) ราคาป้ายแดง 693,000 บาท ลดเหลือ 499,000 บาท AY90 ผ่อนเริ่มต้น : 8,xxx จำนวน 84 งวด AY : 490 / KL : 513 / TTB: 470 / CIMB : 457 / KK : 524 AUG LSL ตรวจ Goo 27-4-69 ตรวจGOO 11/3/68 1.ดีรุ่งเรือง ตั้ม 26/9/68 (หนูคล้าย)', JSON_ARRAY('https://www.rungniran.co.th/wp-content/uploads/2025/03/3ฒฒ-9468-กทม-01.jpg')),
  ('Mitsubishi', 'TRITON', 'pickupcab', 2017, 349000, 'manual', '2wd', 'diesel', 0, 'เทา', 'ผอ 892', 'reserved', 1, 4, 2, '2025-02-27', '2017-12-07', 3, 1, 'Triton All New Mega Cab 2.5 GLX เกียร์ธรรมดา ภาษีมูลค่าเพิ่มรุ่งนิรันดร์ (24/2/68) ราคาป้ายแดง 620,000 บาท ลดเหลือ 349,000 บาท AY90 ผ่อนเริ่มต้น : 5,xxx จำนวน 84 งวด AY : 330 / KL : 291 / TTB: 300 / CIMB : 286 / KK : 324 อีเอจี ตรวจ1-2car 28/8/68 พบกับสิ่งนี้ของรุ่งโรจน์ได้ที่ 1.สกลฯ หนุ่ม 31/5/69 (ธัญญาลักษณ์) 2.โคราช ตูน 7/6/69 (สนธ์)', JSON_ARRAY('https://www.rungniran.co.th/wp-content/uploads/2025/06/ผอ-892-ชลบุรี-01.jpg')),
  ('Toyota', 'REVO', 'pickupcab', 2019, 449000, 'manual', '2wd', 'diesel', 0, 'เทา', 'ผย 2735', 'available', 0, 4, 2, '2025-02-27', '2019-10-28', 7, 1, 'Toyota Hilux Revo Smart Cab 2.4 E Z Edition เกียร์ ธรรมดา VAT รุ่งนิรันดร์ (26/2/68) ราคาป้ายแดง 685,000 บาท ลดเหลือ 449,000 บาท AY90 ผ่อนเริ่มต้น : 7,xxx จำนวน 84 งวด AY : 440 / KL : 452 / TTB: 420 / CIMB : 376 / KK : 480 LAI', JSON_ARRAY('https://www.rungniran.co.th/wp-content/uploads/2025/03/2ฒศ-4045-กทม-01.jpg')),
  ('Mitsubishi', 'TRITON', 'pickupcab', 2021, 429000, 'manual', '2wd', 'diesel', 0, 'ขาว', 'บษ 1179', 'available', 0, 4, 2, '2025-02-28', '2021-07-20', 5, 1, 'Triton All New Mega Cab 2.5 GLX เกียร์ ธรรมดา VAT รุ่งนิรันดร์ (27/2/68) ราคาป้ายแดง 637,000 บาท ลดเหลือ 429,000 บาท AY90 ผ่อนเริ่มต้น : 7,xxx จำนวน 84 งวด AY : 350 / KL : 329 / TTB: 385 / CIMB : 341 / KK : 410 EGA ตรวจGOO 15/5/68', JSON_ARRAY('https://www.rungniran.co.th/wp-content/uploads/2025/06/บษ-1179-บุรีรัมย์-01.jpg')),
  ('Toyota', 'REVO', 'pickupcab', 2020, 479000, 'manual', '2wd', 'diesel', 0, 'เทา', '3ฒจ 7815', 'available', 0, 4, 2, '2025-02-28', '2021-02-18', 7, 1, 'Toyota Hilux Revo Smart Cab 2.4 Mid Z Edition เกียร์ ธรรมดา VAT รุ่งนิรันดร์ (27/2/68) ราคาป้ายแดง 693,000 บาท ลดเหลือ 479,000 บาท AY90 ผ่อนเริ่มต้น : 8,xxx จำนวน 84 งวด AY : 475 / KL : 494 / TTB: 470 / CIMB : 452 / KK : 501 JUN ETT', JSON_ARRAY('https://www.rungniran.co.th/wp-content/uploads/2025/06/3ฒจ-7815-กทม-01.jpg')),
  ('Mitsubishi', 'TRITON', 'pickup4', 2023, 749000, 'manual', '2wd', 'diesel', 0, 'เทา', 'ขพ 7784', 'available', 1, 5, 4, '2025-03-04', '2025-02-13', 8, 3, 'Triton All New Double Cab 2.4 Plus Ultra เกียร์ธรรมดา VAT ดีเวลล์ TIE ราคาป้ายแดง 982,000 บาท ลดเหลือ 749,000 บาท AY98.6% AY : 709 / TTB: 730 / KK : ไม่จัด ตรวจGOO 11/3/68', JSON_ARRAY('https://www.rungniran.co.th/wp-content/uploads/2025/03/6ขฉ-6545-กทม-01.jpg')),
  ('Toyota', 'REVO', 'pickupcab', 2021, 499000, 'manual', '2wd', 'diesel', 0, 'เทา', 'ผย 270', 'available', 0, 4, 2, '2025-03-06', '2021-11-25', 3, 1, 'Toyota Hilux Revo Smart Cab 2.4 Mid Z Edition เกียร์ ธรรมดา VAT รุ่งนิรันดร์ (5/3/68) ราคาป้ายแดง 693,000 บาท ลดเหลือ 499,000 บาท Ay90 ผ่อนเริ่มต้น : 8,xxx จำนวน 84 งวด AY : 490 / KL : 513 / TTB: 470 / CIMB : 457 / KK : 524 AUG ETT', JSON_ARRAY('https://www.rungniran.co.th/wp-content/uploads/2025/06/ผย-270-อุดรธานี-01.jpg')),
  ('Toyota', 'REVO', 'pickupcab', 2020, 439000, 'manual', '2wd', 'diesel', 0, 'ขาว', 'ผย 4170', 'available', 1, 4, 2, '2025-03-06', '2021-01-28', 7, 1, 'Toyota Hilux Revo Smart Cab 2.4 Entry STD Z Edition เกียร์ ธรรมดา VAT รุ่งนิรันดร์ (5/3/68) ราคาป้ายแดง 619,000 บาท ลดเหลือ 439,000 บาท AY90 ผ่อนเริ่มต้น : 7,xxx จำนวน 84 งวด AY : 415 / KL : 425 / TTB: 420 / CIMB : 383 / KK : 420 JUN EGb ตรวจGOO28/5/68', JSON_ARRAY('https://www.rungniran.co.th/wp-content/uploads/2025/04/ผต-7918-นครศรีธรรมราช-01.jpg')),
  ('Mitsubishi', 'TRITON', 'pickupcab', 2020, 519000, 'manual', '2wd', 'diesel', 0, 'ดำ', '3ฒช 3896', 'available', 0, 4, 2, '2025-03-08', '2021-05-14', 7, 1, 'Mitsubishi Triton All New Mega Cab 2.4 GT Plus เกียร์ ธรรมดา VAT รุ่งนิรันดร์ (7/3/68) ราคาป้ายแดง 784,000 บาท ลดเหลือ 519,000 บาท AY95 ผ่อนเริ่มต้น : 8,xxx จำนวน 84 งวด AY : 490 / KL : 413 / TTB: 460 / CIMB : 434 / KK : ?? LLA ตรวจGOO 17/4/68', JSON_ARRAY('https://www.rungniran.co.th/wp-content/uploads/2025/04/3ฒช-3896-กทม-01.jpg')),
  ('Toyota', 'REVO', 'pickupcab', 2021, 499000, 'manual', '2wd', 'diesel', 0, 'ขาว', 'ผย 31', 'available', 0, 4, 2, '2025-03-12', '2021-08-28', 3, 1, 'Toyota Hilux Revo Smart Cab 2.4 Mid Z Edition เกียร์ ธรรมดา VAT รุ่งนิรันดร์ (12/3/68) ราคาป้ายแดง 693,000 บาท ลดเหลือ 499,000 บาท AY90 ผ่อนเริ่มต้น : 8,xxx จำนวน 84 งวด AY : 490 / KL : 571 / TTB: 470 / CIMB : 427 / KK : ?? ETA', JSON_ARRAY('https://www.rungniran.co.th/wp-content/uploads/2025/06/ผย-31-อุดร-01.jpg')),
  ('Toyota', 'REVO', 'pickupcab', 2019, 449000, 'manual', '2wd', 'diesel', 0, 'ขาว', 'ผย 3922', 'reserved', 1, 4, 2, '2025-03-19', '2020-02-26', 3, 1, 'Toyota Hilux Revo Smart Cab 2.4 E Z Edition เกียร์ ธรรมดา VAT รุ่งนิรันดร์ (18/3/68) ราคาป้ายแดง 685,000 บาท ลดเหลือ 449,000 บาท AY90 ผ่อนเริ่มต้น : 7,xxx จำนวน 84 งวด AY : 440 / KL : 452 / TTB: 425 / CIMB : 382 / KK : ?? EGT ตรวจGOO 15/5/68 1.บึงกาฬ ฟ้า 11/5/69 (นิตยา)', JSON_ARRAY('https://www.rungniran.co.th/wp-content/uploads/2025/04/2ฒห-6926-กทม-01.jpg')),
  ('Toyota', 'REVO', 'pickupcab', 2019, 449000, 'manual', '2wd', 'diesel', 0, 'ขาว', 'ผย 3860', 'available', 0, 4, 2, '2025-03-22', '2020-02-13', 5, 1, 'Toyota Hilux Revo Smart Cab 2.4 E Z Edition เกียร์ ธรรมดา VAT รุ่งนิรันดร์ (21/3/68) ราคาป้ายแดง 685,000 บาท ลดเหลือ 449,000 บาท AY90 ผ่อนเริ่มต้น : 7,xxx จำนวน 84 งวด AY : 440 / KL : 452 / TTB: 425 / CIMB : 382 / KK : ?? EHI', JSON_ARRAY('https://www.rungniran.co.th/wp-content/uploads/2025/05/2ฒห-2846-กทม-01.jpg')),
  ('Toyota', 'REVO', 'pickupcab', 2019, 449000, 'manual', '2wd', 'diesel', 0, 'ขาว', '2ฒห 6923', 'available', 0, 4, 2, '2025-03-22', '2020-02-26', 5, 1, 'Toyota Hilux Revo Smart Cab 2.4 E Z Edition เกียร์ ธรรมดา VAT รุ่งนิรันดร์ (21/3/68) ราคาป้ายแดง 685,000 บาท ลดเหลือ 449,000 บาท AY90 ผ่อนเริ่มต้น : 7,xxx จำนวน 84 งวด AY : 440 / KL : 452 / TTB: 425 / CIMB : 382 / KK : ?? LAA', JSON_ARRAY('https://www.rungniran.co.th/wp-content/uploads/2025/04/2ฒห-6923-กทม-01.jpg')),
  ('Mitsubishi', 'TRITON', 'pickupcab', 2018, 449000, 'manual', '2wd', 'diesel', 0, 'ขาว', 'ผย 130', 'available', 0, 4, 2, '2025-03-24', '2018-12-19', 3, 1, 'Triton All New Mega Cab 2.4 Plus ATHLETE เกียร์ ธรรมดา NOVAT รุ่งนิรันดร์ (22/3/68) ราคาป้ายแดง 761,000 บาท ลดเหลือ 449,000 บาท AY90 ผ่อนเริ่มต้น :7,xxx จำนวน 84 งวด AY : 440 / KL : 383 / TTB : 380 / CIMB : 374 / KK : ?? ESb', JSON_ARRAY('https://www.rungniran.co.th/wp-content/uploads/2025/07/ผย-130-อุดรธานี-01.jpg')),
  ('Honda', 'CBR500R', 'motorcycle', 2022, 149000, 'manual', '2wd', 'gasoline', 0, 'แดง', '1กฏ 9338', 'available', 0, 2, 0, '2025-03-25', NULL, 2, 1, 'HONDA CBR500R เกียร์ ธรรมดา VAT ดีรุ่งเรือง B.160,400 CIMB.140,300 เงินสด 149,000 โปร์ฟรีดาวน์(CIMB) ผ่อน 3,9xx / 60 งวด * ไม่จัดกรุงศรี*', JSON_ARRAY('https://www.rungniran.co.th/wp-content/uploads/2025/03/9338.jpg')),
  ('Isuzu', 'D-MAX', 'pickup', 2019, 369000, 'manual', '2wd', 'diesel', 0, 'ขาว', 'ผย 6263', 'available', 0, 2, 2, '2025-03-27', '2019-08-19', 8, 3, 'D-Max Spark 3.0 S เกียร์ธรรมดา VAT ดีเวลล์ EbI ราคาป้ายแดง 590,000 บาท ลดเหลือ 369,000 บาท AY95 AY : 335 / TTB : 390 / CIMB : 324 / KK : ไม่จัด ตรวจ 1-2car 9/9/68 ดูรูปรถทั้งหมดของคันนี้ได้ที่', JSON_ARRAY('https://www.rungniran.co.th/wp-content/uploads/2025/06/3ฒว-5754-กทม-01.jpg')),
  ('Toyota', 'REVO', 'pickup', 2018, 369000, 'manual', '2wd', 'diesel', 0, 'ขาว', 'บท 8697', 'available', 0, 2, 2, '2025-04-05', '2019-03-05', 8, 3, 'Toyota Hilux Revo 2.4 J Plus Single Cab เกียร์ ธรรมดา VAT ดีเวลล์ EIH ราคาป้ายแดง 566,000 บาท ลดเหลือ 369,000 บาท AY90 AY : 350 / KL : 342 / TTB: 350 *J / CIMB : 331 กรุงศรีโคราชไม่รับเพราะลงเล่มเปลี่ยนเพลามา', JSON_ARRAY('https://www.rungniran.co.th/wp-content/uploads/2025/06/บท-8697-ชัยนาท-01.jpg')),
  ('Toyota', 'REVO', 'pickupcab', 2022, 469000, 'manual', '2wd', 'diesel', 0, 'ขาว', 'ยบ 2624', 'available', 0, 4, 2, '2025-04-08', '2022-09-20', 5, 1, 'Toyota Hilux Revo Smart Cab 2.4 Entry Z Edition เกียร์ ธรรมดา VAT รุ่งนิรันดร์ (7/4/68) ราคาป้ายแดง 629,000 บาท ลดเหลือ 469,000 บาท ผ่อนเริ่มต้น : 8,xxx จำนวน 84 งวด AY : 450 / KL : 463 / TTB: 425 / CIMB : 387 / KK : 485 AUG EHG', JSON_ARRAY('https://www.rungniran.co.th/wp-content/uploads/2025/06/ยบ-2624-นครราชสีมา-01.jpg')),
  ('Isuzu', 'D-MAX', 'pickup4', 2020, 619000, 'auto', '2wd', 'diesel', 0, 'เทา', '1ขจ 5285', 'reserved', 1, 5, 4, '2025-04-16', '2020-08-03', 1, 1, 'D-Max All New Blue Power Cab-4 Hi-Lander 1.9 Ddi Z เกียร์ ออโต้ NOVAT รุ่งนิรันดร์ (12/4/68) ราคาป้ายแดง 917,000 บาท ลดเหลือ 619,000 บาท TTB90 ผ่อนเริ่มต้น : 11,xxx จำนวน 84 งวด TTB: 625 / AY : 575 / KL : 642 / CIMB : 554 / KK : 620 SbE ตรวจGOO 27-1-69 1.ดีเวลล์ นุ้ย 5/5/69 (สุนิสา) 2.โคราช สา 30/5/69 (อุดม)', JSON_ARRAY('https://www.rungniran.co.th/wp-content/uploads/2025/05/1ขจ-5285-กทม-01.jpg')),
  ('Toyota', 'REVO', 'pickupcab', 2020, 459000, 'manual', '2wd', 'diesel', 0, 'เทา', '3ฒฆ 3927', 'available', 0, 4, 2, '2025-04-18', '2020-11-13', 7, 1, 'Toyota Hilux Revo Smart Cab 2.4 Mid Std Z Edition เกียร์ ธรรมดา VAT รุ่งนิรันดร์ (16/4/68) ราคาป้ายแดง 684,000 บาท ลดเหลือ 459,000 บาท AY90 ผ่อนเริ่มต้น : 8,xxx จำนวน 84 งวด AY : 450 / KL : 462 / TTB: 430 / CIMB : 389 / KK : 417 JUN EGS ตรวจGOO27/5/68', JSON_ARRAY('https://www.rungniran.co.th/wp-content/uploads/2025/06/3ฒฆ-3927-กทม-01.jpg')),
  ('Toyota', 'REVO', 'pickupcab', 2020, 459000, 'manual', '2wd', 'diesel', 0, 'เทา', '3ฒฆ 4428', 'available', 0, 4, 2, '2025-04-18', '2020-11-16', 6, 1, 'Toyota Hilux Revo Smart Cab 2.4 Mid Std Z Edition เกียร์ ธรรมดา VAT รุ่งนิรันดร์ (16/4/68) ราคาป้ายแดง 684,000 บาท ลดเหลือ 459,000 บาท AY90 ผ่อนเริ่มต้น : 8,xxx จำนวน 84 งวด AY : 450 / KL : 462 / TTB: 430 / CIMB : 389 / KK : 417 JUN LIL ตรวจGOO 11-3-69', JSON_ARRAY('https://www.rungniran.co.th/wp-content/uploads/2025/05/3ฒฆ-4428-กทม-01.jpg')),
  ('Ford', 'EVEREST', 'suv', 2020, 889000, 'auto', '4wd', 'diesel', 0, 'ดำ', '4ขษ 9121', 'available', 1, 7, 4, '2025-05-02', '2020-04-28', 1, 1, 'Everest 2.0 Bi-Turbo Titanium+ 4WD เกียร์ ออโต้ NOVAT รุ่งนิรันดร์ (29/4/68) ราคาป้ายแดง 1,799,000 บาท ลดเหลือ 889,000 บาท ผ่อนเริ่มต้น : 15,xxx จำนวน 84 งวด AY : 930 / TTB: 940 / KL : ไม่จัด TbS ตรวจGOO 18/6/68', JSON_ARRAY('https://www.rungniran.co.th/wp-content/uploads/2025/06/4ขษ-9121-กทม-01.jpg')),
  ('Mitsubishi', 'PAJERO', 'suv', 2019, 849000, 'auto', '4wd', 'diesel', 0, 'ขาว', 'ขพ 2545', 'available', 1, 7, 4, '2025-05-06', '2019-10-08', 1, 1, 'Pajero Sport 2.4 GT Premium 4WD เกียร์ ออโต้ NOVAT รุ่งนิรันดร์ (3/5/68) ราคาป้ายแดง 1,544,000 บาท ลดเหลือ 849,000 บาท ผ่อนเริ่มต้น : 14,xxx จำนวน 84 งวด AY : 825 / KL : 873 / TTB: 910 TTH ตรวจGOO 18/6/68', JSON_ARRAY('https://www.rungniran.co.th/wp-content/uploads/2025/06/ขฉ-9249-ระยอง-01.jpg')),
  ('Mitsubishi', 'PAJERO', 'suv', 2017, 669000, 'auto', '2wd', 'diesel', 0, 'ดำ', 'กล 6966', 'available', 1, 7, 4, '2025-05-07', '2018-02-07', 2, 2, 'Pajero Sport 2.4 GT เกียร์ ออโต้ VAT ดีรุ่งเรือง (1/5/68) ราคาป้ายแดง 1,389,000 บาท ลดเหลือ 669,000 บาท ผ่อนเริ่มต้น : 11,xxx จำนวน 84 งวด AY : 585 / KL : 608 / TTB: 700 bZG ตรวจGOO 2-9-68', JSON_ARRAY('https://www.rungniran.co.th/wp-content/uploads/2025/07/กล-6966-อุบลราชธานี-01.jpg')),
  ('Toyota', 'REVO', 'pickupcab', 2020, 479000, 'manual', '2wd', 'diesel', 0, 'เทา', '3ฒก 3736', 'reserved', 0, 4, 2, '2025-05-13', '2020-07-21', 2, 2, 'Toyota Hilux Revo Smart Cab 2.4 E Z Edition เกียร์ ธรรมดา VAT ดีรุ่งเรือง (9/5/68) ราคาป้ายแดง 690,000 บาท ลดเหลือ 479,000 บาท ผ่อนเริ่มต้น : 8,xxx จำนวน 84 งวด AY : 451 / KL : 463/ TTB: 425 / CIMB : 378 / KK : 468 LZA ตรวจGOO 7-7-68 1.89ดีเวลล์ ส้ม 10/3/69 (วุฒิพงษ์)', JSON_ARRAY('https://www.rungniran.co.th/wp-content/uploads/2025/06/3ฒก-3736-กทม-01.jpg')),
  ('Honda', 'CITY', 'sedan', 2021, 499000, 'auto', '2wd', 'gasoline', 0, 'เทา', 'ขพ 9683', 'reserved', 0, 5, 4, '2025-05-16', '2021-04-02', 1, 1, 'City Turbo 1.0 V เกียร์ ออโต้ VAT รุ่งนิรันดร์ (14/5/68) ราคาป้ายแดง 609,000 บาท ลดเหลือ 499,000 บาท ผ่อนเริ่มต้น : 8,xxx จำนวน 84 งวด AY : 450 / KL : 442 / TTB: 445 / CIMB : 369 / KK : 426 LSL ตรวจGOO 18/6/68 1.โคราช ดา 5/5/69 (ปรัชญ์กวิน)', JSON_ARRAY('https://www.rungniran.co.th/wp-content/uploads/2025/06/1ขฬ-2042-กทม-01.jpg')),
  ('Mitsubishi', 'TRITON', 'pickupcab', 2022, 449000, 'manual', '2wd', 'diesel', 0, 'เทา', 'ยบ 2800', 'available', 0, 4, 2, '2025-05-19', '2022-10-05', 2, 2, 'Triton All New Mega Cab 2.5 GLX เกียร์ ธรรมดา VAT ดีรุ่งเรือง (17/5/68) ราคาป้ายแดง 650,000 บาท ลดเหลือ 449,000 บาท ผ่อนเริ่มต้น : 7,xxx จำนวน 84 งวด AY : 436 / KL : 361 / TTB: 395 / CIMB : 392 / KK : 483 EET', JSON_ARRAY('https://www.rungniran.co.th/wp-content/uploads/2025/06/ยบ-2800-นครราชสีมา-01.jpg')),
  ('Toyota', 'REVO', 'pickupcab', 2018, 419000, 'manual', '2wd', 'diesel', 0, 'ขาว', 'ผค 5680', 'available', 0, 4, 2, '2025-05-23', '2018-09-26', 7, 1, 'Toyota Hilux Revo Smart Cab 2.4 J Plus เกียร์ ธรรมดา VAT รุ่งนิรันดร์ (22/5/68) ราคาป้ายแดง 650,000 บาท ลดเหลือ 419,000 บาท ผ่อนเริ่มต้น : 7,xxx จำนวน 84 งวด AY : 363 / KL : 393 / TTB: 380 / CIMB : 337 / KK : 381 ESS', JSON_ARRAY('https://www.rungniran.co.th/wp-content/uploads/2025/07/ผค-5680-นครสวรรค์-01.jpg')),
  ('Toyota', 'VIOS', 'sedan', 2021, 439000, 'auto', '2wd', 'gasoline', 0, 'ขาว', '1ขอ 3070', 'available', 0, 5, 4, '2025-06-03', '2021-04-16', 3, 1, 'Vios 1.5 Entry เกียร์ ออโต้ VAT รุ่งนิรันดร์ (2/6/68) ราคาป้ายแดง 609,000 บาท ลดเหลือ 439,000 บาท ผ่อนเริ่มต้น : 7,xxx จำนวน 84 งวด AY : 395 / KL : 407 / TTB: 380 / CIMB : 339 / KK : 438 ETE', JSON_ARRAY('https://www.rungniran.co.th/wp-content/uploads/2025/07/1ขอ-3070-กทม-01.jpg')),
  ('Honda', 'CIVIC', 'sedan', 2019, 649000, 'auto', '2wd', 'gasoline', 0, 'ดำ', 'ขพ 2735', 'available', 0, 5, 4, '2025-06-11', '2019-10-17', 8, 3, 'Civic 1.8 EL เกียร์ ออโต้ VAT ดีเวลล์ STZ ราคาป้ายแดง 964,000 บาท ลดเหลือ 649,000 บาท AY : 640 / KL : 644 / TTB: 635 / CIMB : 533 ตรวจGOO 24-7-68', JSON_ARRAY('https://www.rungniran.co.th/wp-content/uploads/2025/07/9กฌ-8566-กทม-01.jpg')),
  ('Honda', 'CITY', 'sedan', 2020, 519000, 'auto', '2wd', 'gasoline', 0, 'ดำ', '1ขถ 5860', 'reserved', 0, 5, 4, '2025-06-11', '2020-11-16', 6, 1, 'City Turbo 1.0 SV เกียร์ ออโต้ VAT รุ่งนิรันดร์ (10/6/68) ราคาป้ายแดง 665,000 บาท ลดเหลือ 519,000 บาท ผ่อนเริ่มต้น : 8,xxx จำนวน 84 งวด AY : 465 / KL : 462 / TTB: 455 / CIMB : 397 / KK : 467 LbE ตรวจGOO 24-7-68 1.โคราช ตูน 4/2/69 (จิรารัตน์)', JSON_ARRAY('https://www.rungniran.co.th/wp-content/uploads/2025/07/1ขถ-5860-กทม-01.jpg')),
  ('Honda', 'CIVIC', 'sedan', 2019, 619000, 'auto', '2wd', 'gasoline', 0, 'เทา', 'ขพ 4870', 'available', 0, 5, 4, '2025-06-18', '2019-12-17', 5, 1, 'Civic 1.8 EL เกียร์ ออโต้ VAT รุ่งนิรันดร์ (17/6/68) ราคาป้ายแดง 964,000 บาท ลดเหลือ 619,000 บาท ผ่อนเริ่มต้น :10,xxx จำนวน 84 งวด AY : 640 / KL : 644 / TTB: 635 / CIMB : 533 / KK : 665 SLb ตรวจGOO 24-7-68', JSON_ARRAY('https://www.rungniran.co.th/wp-content/uploads/2025/07/9กต-2273-กทม-01.jpg')),
  ('Isuzu', 'D-MAX', 'pickupcab', 2023, 549000, 'manual', '2wd', 'diesel', 0, 'เทา', 'ผย 3460', 'available', 0, 4, 2, '2025-06-24', '2023-12-01', 3, 1, 'D-Max All New Blue Power Spacecab 1.9 Ddi S เกียร์ ธรรมดา VAT รุ่งนิรันดร์ (25/3/68) ราคาป้ายแดง 650,000 บาท ลดเหลือ 549,000 บาท ผ่อนเริ่มต้น : 9,xxx จำนวน 84 งวด AY : 530 / KL : 550 / TTB: 500 / CIMB : 471 / KK : 548 OCT SAA', JSON_ARRAY('https://www.rungniran.co.th/wp-content/uploads/2025/06/บห-3283-กาญจนบุรี-01.jpg')),
  ('Ford', 'RANGER', 'pickup4', 2020, 539000, 'manual', '2wd', 'diesel', 0, 'ดำ', 'ขพ 1570', 'available', 0, 5, 4, '2025-06-25', '2020-04-20', 2, 2, 'Ford Ranger Double Cab 2.0 Turbo Hi-Rider Wildtrak เกียร์ ธรรมดา VAT ดีรุ่งเรือง 23/6/68 ราคาป้ายแดง 979,000 บาท ลดเหลือ 539,000 บาท ผ่อนเริ่มต้น : 9,xxx จำนวน 84 งวด AY : 535 / KL : 557 / TTB: 605 / CIMB : 505 / KK : 554 LLL', JSON_ARRAY('https://www.rungniran.co.th/wp-content/uploads/2025/07/กต-2384-สระแก้ว-01.jpg')),
  ('Honda', 'CITY', 'sedan', 2020, 479000, 'auto', '2wd', 'gasoline', 0, 'ขาว', 'ขพ 7649', 'reserved', 0, 5, 4, '2025-07-01', '2020-02-13', 2, 2, 'City Turbo 1.0 V เกียร์ ออโต้ VAT ดีรุ่งเรือง (30/6/68) ราคาป้ายแดง 609,000 บาท ลดเหลือ 479,000 บาท ผ่อนเริ่มต้น : 8,xxx จำนวน 84 งวด AY : 430 / KL : 440 / TTB: 415 / CIMB : 366 / KK : 421 LEG ตรวจGOO 24-7-68 1.โคราช แม็ค 15/6/69 (สุวรรณดี)', JSON_ARRAY('https://www.rungniran.co.th/wp-content/uploads/2025/07/9กพ-7704-กทม-01.jpg')),
  ('Nissan', 'ALMERA', 'sedan', 2019, 349000, 'auto', '2wd', 'gasoline', 0, 'แดง', '8กศ 3565', 'available', 0, 5, 4, '2025-07-07', '2019-08-05', 8, 3, 'Almera 1.2 V SPORTECH เกียร์ ออโต้ VAT ดีเวลล์ ZGE ราคาป้ายแดง 580,000 บาท ลดเหลือ 349,000 บาท TTB: 295 / AY : 207 ตรวจ Goo 16-1-69', JSON_ARRAY('https://www.rungniran.co.th/wp-content/uploads/2025/07/8กศ-3565-กทม-01.jpg')),
  ('Toyota', 'REVO', 'pickupcab', 2020, 449000, 'manual', '2wd', 'diesel', 0, 'ขาว', 'ผย 3130', 'available', 0, 4, 2, '2025-07-07', '2020-05-28', 3, 1, 'Toyota Hilux Revo Smart Cab 2.4 E Z Edition เกียร์ ธรรมดา VAT รุ่งนิรันดร์ (5/7/68) ราคาป้ายแดง 685,000 บาท ลดเหลือ 449,000 บาท ผ่อนเริ่มต้น : 7,xxx จำนวน 84 งวด AY : 451 / KL : 463 / TTB: 425 / CIMB : 374 / KK : 468 ETH ตรวจGOO 27-10-68', JSON_ARRAY('https://www.rungniran.co.th/wp-content/uploads/2025/07/2ฒฮ-73-กทม-01.jpg')),
  ('Ford', 'RANGER', 'pickupcab', 2018, 379000, 'manual', '2wd', 'diesel', 0, 'ขาว', '4ฒข 2588', 'reserved', 0, 4, 2, '2025-07-12', '2018-07-28', 3, 1, 'Ford Ranger All-New Open Cab 2.2 Hi-Rider XL+ เกียร์ ธรรมดา VAT รุ่งนิรันดร์ (11/7/68) ราคาป้ายแดง 659,000 บาท ลดเหลือ 379,000 บาท ผ่อนเริ่มต้น : 6,xxx จำนวน 84 งวด AY : 325 / KL : 330 / TTB: 325 / CIMB : 287 / KK : 345 EIE ตรวจGOO5-8-68 1.โคราช แม็ค 12/5/69 (น้อย)', JSON_ARRAY('https://www.rungniran.co.th/wp-content/uploads/2025/08/4ฒข-2588-กทม-01.jpg')),
  ('Toyota', 'REVO', 'pickup', 2021, 439000, 'manual', '2wd', 'diesel', 0, 'เทา', 'ผย 2279', 'available', 0, 2, 2, '2025-07-18', '2021-10-25', 1, 1, 'Toyota Hilux Revo 2.4 Entry Single Cab เกียร์ ธรรมดา NOVAT รุ่งนิรันดร์ (16/7/68) ราคาป้ายแดง 584,000 บาท ลดเหลือ 439,000 บาท ผ่อนเริ่มต้น : 7,xxx จำนวน 84 งวด AY : 407 / KL : 444 / TTB: 430 / CIMB : 360 / KK : 425 ETH ตรวจGOO 29/9/68', JSON_ARRAY('https://www.rungniran.co.th/wp-content/uploads/2025/08/ผผ-2160-สงขลา-01.jpg')),
  ('Toyota', 'REVO', 'pickupcab', 2022, 549000, 'manual', '2wd', 'diesel', 0, 'เทา', 'ผย 5010', 'reserved', 0, 4, 2, '2025-07-18', '2022-03-02', 7, 1, 'Toyota Hilux Revo Smart Cab 2.4 Entry Prerunner เกียร์ ธรรมดา VAT รุ่งนิรันดร์ (16/7/68) ราคาป้ายแดง 740,000 บาท ลดเหลือ 549,000 บาท ผ่อนเริ่มต้น : 8,xxx จำนวน 84 งวด AY : 518 / KL : 569 / TTB: 545 / CIMB : 453 / KK : 550 LHH ตรวจGOO 19-8-68 1.สนญ.เจน 12/5/69 (เลิสมงคล)', JSON_ARRAY('https://www.rungniran.co.th/wp-content/uploads/2025/08/ยน-3602-นครราชสีมา-01.jpg')),
  ('Mitsubishi', 'PAJERO', 'suv', 2019, 849000, 'auto', '4wd', 'diesel', 0, 'ดำ', '9กท 8723', 'available', 1, 7, 4, '2025-07-25', '2020-01-15', 1, 1, 'Pajero Sport 2.4 GT Premium 4WD เกียร์ ออโต้ NOVAT รุ่งนิรันดร์ (25/7/68) ราคาป้ายแดง 1,599,000 บาท ลดเหลือ 849,000 บาท ผ่อนเริ่มต้น : 14,xxx จำนวน 84 งวด AY : 825 / KL : 873 / TTB: 940 bGA ตรวจGOO 19-8-68', JSON_ARRAY('https://www.rungniran.co.th/wp-content/uploads/2025/08/9กท-8723-กทม-01.jpg')),
  ('Ford', 'RANGER', 'pickupcab', 2016, 379000, 'manual', '2wd', 'diesel', 0, 'ขาว', 'ผย 2581', 'available', 0, 4, 2, '2025-07-29', '2016-06-28', 3, 1, 'Ford Ranger All-New Open Cab 2.2 Hi-Rider XLT เกียร์ ธรรมดา VAT รุ่งนิรันดร์ (28/7/68) ราคาป้ายแดง 719,000 บาท ลดเหลือ 379,000 บาท ผ่อนเริ่มต้น : 6,xxx จำนวน 84 งวด AY : 325 / KL : 328 / TTB: 305 / CIMB : 299 / KK : 344 EET ตรวจGOO 19-8-68', JSON_ARRAY('https://www.rungniran.co.th/wp-content/uploads/2025/08/ยฉ-3900-ชลบุรี-01.jpg')),
  ('Isuzu', 'D-MAX', 'suv', 2022, 949000, 'auto', '2wd', 'gasoline', 0, 'ขาว', '2ขฉ 2089', 'available', 0, 5, 4, '2025-08-07', '2022-07-05', 1, 1, 'MU-X 1.9 Elegant เกียร์ ออโต้ VAT รุ่งนิรันดร์ (6/8/68) ราคาป้ายแดง 1,379,000 บาท ลดเหลือ 949,000 บาท ผ่อนเริ่มต้น : 16,xxx จำนวน 84 งวด AY : 1,019 / KL : 1,082 / TTB: 1,040 / CIMB : 875 HIS ตรวจGOO 1-9-68', JSON_ARRAY('https://www.rungniran.co.th/wp-content/uploads/2025/08/3ขฉ-2089-กทม-01.jpg')),
  ('Mitsubishi', 'TRITON', 'pickupcab', 2019, 379000, 'manual', '2wd', 'diesel', 0, 'ขาว', '4ฒข 8393', 'reserved', 0, 4, 2, '2025-08-11', '2019-08-26', 2, 2, 'Triton All New Mega Cab 2.5 GLX เกียร์ ธรรมดา VAT ดีรุ่งเรือง (7/8/68) ราคาป้ายแดง 621,000 บาท ลดเหลือ 379,000 บาท ผ่อนเริ่มต้น : 6,xxx จำนวน 84 งวด KL : 313 / TTB: 345 / AY : 179 รวมvat EZT ตรวจGOO 17-11-68 1.89ดีเวลล์ หมี 15/1/69 ( ชัยรัตน์ ) 2.ดีรุ่งเรือง ทราย 24/1/69 (ศักดา)', JSON_ARRAY('https://www.rungniran.co.th/wp-content/uploads/2025/11/4ฒข-8393-กทม-01.jpg')),
  ('Toyota', 'REVO', 'pickupcab', 2021, 499000, 'manual', '2wd', 'diesel', 0, 'เทา', 'บว 7653', 'available', 0, 4, 2, '2025-08-15', '2021-07-27', 6, 1, 'Toyota Hilux Revo Smart Cab 2.4 Mid Z Edition เกียร์ ธรรมดา VAT รุ่งนิรันดร์ (13/8/68) ราคาป้ายแดง 693,000 บาท ลดเหลือ 499,000 บาท ผ่อนเริ่มต้น : 8,xxx จำนวน 84 งวด AY : 475 / KL : 513 / TTB: 440 / CIMB : 410 ETb ตรวจGOO 27-10-68', JSON_ARRAY('https://www.rungniran.co.th/wp-content/uploads/2025/09/บว-7653-กาฬสินธุ์-01.jpg')),
  ('Ford', 'RANGER', 'pickupcab', 2021, 429000, 'manual', '2wd', 'diesel', 0, 'ดำ', 'ผย 2924', 'available', 0, 4, 2, '2025-08-20', '2021-09-28', 1, 1, 'Ford Ranger All-New Open Cab 2.2 XL Street เกียร์ ธรรมดา VAT รุ่งนิรันดร์ (18/8/68) ราคาป้ายแดง 672,000 บาท ลดเหลือ 429,000 บาท ผ่อนเริ่มต้น : 7,xxx จำนวน 84 งวด AY : 390 / TTB: 405 / CIMB : 365 / KL : ไม่จัด ZTA ตรวจGOO 17-11-68', JSON_ARRAY('https://www.rungniran.co.th/wp-content/uploads/2025/11/ผย-2924-อุดรธานี-01.jpg')),
  ('Honda', 'MOBILIO', 'suv', 2015, 359000, 'auto', '2wd', 'gasoline', 0, 'เทา', '4กว 6278', 'available', 1, 5, 4, '2025-08-20', '2015-12-15', 7, 1, 'Mobilio 1.5 V เกียร์ ออโต้ NOVAT รุ่งนิรันดร์ (19/8/68) ราคาป้ายแดง 682,000 บาท ลดเหลือ 359,000 บาท ผ่อนเริ่มต้น : 6,xxx จำนวน 84 งวด AY : 325 / KL : 307 / TTB: 290 / CIMB : 271 ESE ตรวจGOO 2-9-68', JSON_ARRAY('https://www.rungniran.co.th/wp-content/uploads/2025/08/4กว-6278-กทม-01.jpg')),
  ('Honda', 'CITY', 'sedan', 2021, 509000, 'auto', '2wd', 'gasoline', 0, 'เทา', 'ขม 2396', 'available', 0, 5, 4, '2025-08-20', '2021-07-14', 5, 1, 'City Turbo 1.0 SV เกียร์ ออโต้ VAT รุ่งนิรันดร์ (19/8/68) ราคาป้ายแดง 665,000 บาท ลดเหลือ 509,000 บาท ผ่อนเริ่มต้น : 8,xxx จำนวน 84 งวด AY : 475 / KL : 505 / TTB: 475 / CIMB : 410 LZA ตรวจGOO 16-9-68', JSON_ARRAY('https://www.rungniran.co.th/wp-content/uploads/2025/09/2ขฉ-8508-กทม-01.jpg')),
  ('Ford', 'RANGER', 'pickupcab', 2018, 389000, 'manual', '2wd', 'diesel', 0, 'ขาว', '2ฒน 3225', 'reserved', 0, 4, 2, '2025-08-22', '2019-01-18', 3, 1, 'Ford Ranger All-New Open Cab 2.2 XLS เกียร์ ธรรมดา VAT รุ่งนิรันดร์ (21/8/68) ราคาป้ายแดง 659,000 บาท ลดเหลือ 389,000 บาท ผ่อนเริ่มต้น :6,xxx จำนวน 84 งวด AY : 350 / TTB: 365 / CIMB : 314 / KL : ไม่จัด EII ตรวจGOO15-10-68 1.สกลฯ หนุ่ม 17/6/69 (ทวี)', JSON_ARRAY('https://www.rungniran.co.th/wp-content/uploads/2025/10/2ฒน-3225-กทม-01.jpg')),
  ('Ford', 'RANGER', 'pickupcab', 2021, 469000, 'manual', '2wd', 'diesel', 0, 'เทา', 'บษ 4967', 'available', 0, 4, 2, '2025-08-23', '2021-09-20', 6, 1, 'Ford Ranger All-New Open Cab 2.2 Hi-Rider XLT เกียร์ ธรรมดา VAT รุ่งนิรันดร์ (22/8/68) ราคาป้ายแดง 757,000 บาท ลดเหลือ 469,000 บาท ผ่อนเริ่มต้น : 8,xxx จำนวน 84 งวด AY : 435 / KL : 465 / TTB: 485 / CIMB : 405 EHI ตรวจGOO 15-12-68', JSON_ARRAY('https://www.rungniran.co.th/wp-content/uploads/2025/12/บษ-4967-ศรีสะเกษ-01.jpg')),
  ('Ford', 'RANGER', 'pickupcab', 2019, 419000, 'manual', '2wd', 'diesel', 0, 'ขาว', '2ฒส 4413', 'reserved', 0, 4, 2, '2025-08-26', '2020-01-17', 7, 1, 'Ford Ranger All-New Open Cab 2.2 Hi-Rider XL+ Sport เกียร์ ธรรมดา VAT รุ่งนิรันดร์ (25/8/68) ราคาป้ายแดง 689,000 บาท ลดเหลือ 419,000 บาท ผ่อนเริ่มต้น : 7,xxx จำนวน 84 งวด TTB: 395 / AY : 340 / CIMB : 327 / KL : ไม่จัด EEH ตรวจGoo 27-10-68 1.โคราช แบม 15/1/69 (ณัฐพล) 2.สกลฯ ดา 10/3/69 (สุริยัน) 3.โคราช แม็ค 24/5/69 (เมฆินทร์)', JSON_ARRAY('https://www.rungniran.co.th/wp-content/uploads/2025/10/2ฒส-4413-กทม-01.jpg')),
  ('Nissan', 'NAVARA', 'pickupcab', 2023, 449000, 'manual', '2wd', 'diesel', 0, 'ขาว', 'ยพ 8531', 'available', 0, 4, 2, '2025-08-30', '2024-01-02', 5, 1, 'Navara King Cab 2.5 SL เกียร์ ธรรมดา VAT รุ่งนิรันดร์ (29/8/68) ราคาป้ายแดง 649,000 บาท ลดเหลือ 449,000 บาท ผ่อนเริ่มต้น : 7,xxx จำนวน งวด KL : 461 / AY : 365 / TTB: 410 / CIMB : 464 EbT ตรวจGOO 15-9-68', JSON_ARRAY('https://www.rungniran.co.th/wp-content/uploads/2025/10/ยพ-8531-นครราชสีมา-01.jpg')),
  ('Ford', 'RANGER', 'pickupcab', 2018, 339000, 'manual', '2wd', 'diesel', 0, 'ขาว', '2ฒฐ 364', 'available', 0, 4, 2, '2025-09-03', '2018-04-19', 3, 1, 'Ford Ranger All-New Open Cab 2.2 XL เกียร์ ธรรมดา NOVAT รุ่งนิรันดร์ (30/8/68) ราคาป้ายแดง 599,000 บาท ลดเหลือ 339,000 บาท ผ่อนเริ่มต้น : 5,xxx จำนวน 84 งวด TTB: 305 / KK : 294 / AY : 280 / CIMB : 268 / KL : ไม่จัด ZHH ตรวจGOO 3-12-68', JSON_ARRAY('https://www.rungniran.co.th/wp-content/uploads/2025/11/2ฒฐ-364-กทม-01.jpg')),
  ('Isuzu', 'D-MAX', 'pickup', 2018, 319000, 'manual', '2wd', 'diesel', 0, 'ขาว', 'บท 6423', 'available', 0, 2, 2, '2025-09-03', '2018-06-20', 1, 1, 'D-Max All New Blue Power Spark 1.9 Ddi B เกียร์ ธรรมดา *เล่มเต็ม* VAT รุ่งนิรันดร์ (30/8/68) ราคาป้ายแดง 533,000 บาท ลดเหลือ 319,000 บาท ผ่อนเริ่มต้น : 5,xxx จำนวน 84 งวด TTB: 275 / CIMB : 262 Zbb', JSON_ARRAY('https://www.rungniran.co.th/wp-content/uploads/2025/11/บท-6423-มุกดาหาร-01.jpg')),
  ('Isuzu', 'D-MAX', 'pickupcab', 2019, 446000, 'manual', '2wd', 'diesel', 0, 'ขาว', 'ผย 2426', 'available', 0, 4, 2, '2025-09-04', '2019-04-09', 2, 2, 'D-Max All New Blue Power Spacecab 1.9 Ddi L เกียร์ ธรรมดา *หลายสี* VAT ดีรุ่งเรือง (2/9/68) ราคาป้ายแดง 673,000 บาท ลดเหลือ 446,000 บาท ผ่อนเริ่มต้น : 7,xxx จำนวน 84 งวด AY : 400 / TTB: 415 /KL : 446 -10% / Aeon : 360 ELT ตรวจ Goo 23-12-68', JSON_ARRAY('https://www.rungniran.co.th/wp-content/uploads/2025/10/ผย-2426-อุดรธานี-01.jpg')),
  ('Honda', 'CIVIC', 'sedan', 2020, 599000, 'auto', '2wd', 'gasoline', 0, 'ขาว', '1ขฌ 1765', 'available', 0, 5, 4, '2025-09-06', '2020-08-25', 2, 2, 'Civic 1.8 E เกียร์ ออโต้ VAT ดีรุ่งเรือง (5/9/68) ราคาป้ายแดง 874,000 บาท ลดเหลือ 599,000 บาท ผ่อนเริ่มต้น : 10,xxx จำนวน 84 งวด AY : 570 / KL : 660 / TTB: 585 / CIMB : 493 LTZ ตรวจGOO 29/9/68', JSON_ARRAY('https://www.rungniran.co.th/wp-content/uploads/2025/10/1ขฌ-1765-กทม-01.jpg')),
  ('Mitsubishi', 'TRITON', 'pickupcab', 2017, 369000, 'manual', '2wd', 'diesel', 0, 'เทา', 'ผต 2878', 'available', 0, 4, 2, '2025-09-11', '2017-05-04', 3, 1, 'Triton All New Mega Cab 2.5 GLX เกียร์ ธรรมดา VAT รุ่งนิรันดร์ (11/9/68) ราคาป้ายแดง 613,000 บาท ลดเหลือ 369,000 บาท ผ่อนเริ่มต้น : 6,xxx จำนวน 84 งวด AY : 300 / KL : 279 / TTB: 300 / CIMB : 277 EIA ตรวจGOO 26-11-68', JSON_ARRAY('https://www.rungniran.co.th/wp-content/uploads/2025/11/ผต-2878-อุดรธานี-01.jpg')),
  ('Ford', 'RANGER', 'pickupcab', 2018, 369000, 'manual', '2wd', 'diesel', 0, 'ดำ', 'บย 7739', 'reserved', 0, 4, 2, '2025-09-15', '2018-08-08', 6, 1, 'Ford Ranger All-New Open Cab 2.2 Hi-Rider XL+ เกียร์ ธรรมดา VAT รุ่งนิรันดร์ (13/9/68) ราคาป้ายแดง 659,000 บาท ลดเหลือ 369,000 บาท ผ่อนเริ่มต้น : 6,xxx จำนวน 84 งวด AY : จัด 278,100 ไม่รวมvat / TTB: 325 / CIMB : 281 / KL : ไม่จัด ZHT ตรวจGOO15-10-68 1.สกลฯ ดล 8/1/69 (สมศักดิ์)', JSON_ARRAY('https://www.rungniran.co.th/wp-content/uploads/2025/10/บย-7739-ชุมพร-01.jpg')),
  ('Isuzu', 'D-MAX', 'pickupcab', 2022, 579000, 'manual', '2wd', 'diesel', 0, 'เทา', 'บร 360', 'reserved', 0, 4, 2, '2025-09-16', '2022-10-18', 5, 1, 'D-Max All New Blue Power Spacecab 1.9 Ddi Z เกียร์ ธรรมดา VAT รุ่งนิรันดร์ (16/9/68) ราคาป้ายแดง 745,000 บาท ลดเหลือ 579,000 บาท ผ่อนเริ่มต้น : 10,xxx จำนวน 84 งวด AY : 550 / KL : 571 / TTB: 540 / CIMB : 479 Lbb ตรวจGoo 27-10-68 1.89ดีเวลล์ ส้ม 1/4/69 (เอกชัย)', JSON_ARRAY('https://www.rungniran.co.th/wp-content/uploads/2025/10/บร-360-เลย-01.jpg')),
  ('Mitsubishi', 'TRITON', 'pickupcab', 2023, 489000, 'manual', '2wd', 'diesel', 0, 'ดำ', 'บห 936', 'available', 0, 4, 2, '2025-09-17', '2024-03-07', 6, 1, 'Triton All New Mega Cab 2.5 GLX เกียร์ ธรรมดา VAT รุ่งนิรันดร์ (16/9/68) ราคาป้ายแดง 650,000 บาท ลดเหลือ 489,000 บาท ผ่อนเริ่มต้น : 8,xxx จำนวน 84 งวด AY : 455 / KL : 409 / TTB: 415 / CIMB : 403 ETE ตรวจGOO 3-11-68', JSON_ARRAY('https://www.rungniran.co.th/wp-content/uploads/2025/10/บห-936-กาฬสินธุ์-01.jpg')),
  ('Toyota', 'REVO', 'pickupcab', 2018, 499000, 'manual', '2wd', 'diesel', 0, 'เทา', 'ผค 6213', 'reserved', 0, 4, 2, '2025-09-17', '2018-10-28', 6, 1, 'Toyota Hilux Revo Smart Cab 2.4 E Plus Prerunner เกียร์ ธรรมดา VAT รุ่งนิรันดร์ (16/9/68) ราคาป้ายแดง 751,000 บาท ลดเหลือ 499,000 บาท ผ่อนเริ่มต้น : 8,xxx จำนวน 84 งวด AY : 440 / KL : 466 / TTB: 450 / CIMB : 389 / KKP : 475 LSZ ตรวจGOO 17-11-68 1.สนญ. เบนซ์ 3/12/68 (วินัย)', JSON_ARRAY('https://www.rungniran.co.th/wp-content/uploads/2025/11/ผค-6213-นครสวรรค์-01.jpg')),
  ('Toyota', 'REVO', 'pickupcab', 2021, 579000, 'manual', '2wd', 'diesel', 0, 'เทา', 'บษ 1651', 'reserved', 0, 4, 2, '2025-09-19', '2021-09-15', 1, 1, 'Toyota Hilux Revo Smart Cab 2.4 Mid Prerunner เกียร์ ธรรมดา VAT รุ่งนิรันดร์ (18/9/68) ราคาป้ายแดง 787,000 บาท ลดเหลือ 579,000 บาท ผ่อนเริ่มต้น : 10,xxx จำนวน 84 งวด AY : 550 / KL : 570 / TTB: 520 / CIMB : 499 LbT ตรวจGoo 27-10-68 1.ดีเวลล์ จอห์น 18/10/68 (ชลธิชา) 2.89ดีเวลล์ ส้ม 4/3/69 (ไพรวรรณ)', JSON_ARRAY('https://www.rungniran.co.th/wp-content/uploads/2025/10/บษ-1651-กาญจนบุรี-01.jpg')),
  ('Toyota', 'REVO', 'pickupcab', 2019, 509000, 'manual', '2wd', 'diesel', 0, 'ขาว', 'ผธ 3784', 'available', 0, 4, 2, '2025-09-22', '2019-04-25', 4, 1, 'Toyota Hilux Revo Smart Cab 2.4 E Plus Prerunner เกียร์ ธรรมดา NOVAT รุ่งนิรันดร์ (22/9/68) ราคาป้ายแดง 751,000 บาท ลดเหลือ 509,000 บาท ผ่อนเริ่มต้น : 8,xxx จำนวน 84 งวด AY : 450 / KL : 520 / TTB: 460 / CIMB : 392 EGE ตรวจ Goo 16-1-69', JSON_ARRAY('https://www.rungniran.co.th/wp-content/uploads/2025/12/ผธ-3784-อุดรธานี-01.jpg')),
  ('Honda', 'BR-V', 'suv', 2020, 529000, 'auto', '2wd', 'gasoline', 0, 'ดำ', '1ขจ 8217', 'available', 1, 5, 4, '2025-09-23', '2020-08-05', 1, 1, 'BR-V 1.5 SV เกียร์ ออโต้ NOVAT รุ่งนิรันดร์ (22/9/68) ราคาป้ายแดง 835,000 บาท ลดเหลือ 529,000 บาท ผ่อนเริ่มต้น : 8,xxx จำนวน 84 งวด AY : 505 / KL : 471 / TTB: 490 / CIMB : 424 LSH ตรวจGOO15-10-68', JSON_ARRAY('https://www.rungniran.co.th/wp-content/uploads/2025/10/1ขจ-8217-กทม-01.jpg')),
  ('Toyota', 'REVO', 'pickup', 2021, 439000, 'manual', '2wd', 'diesel', 0, 'ขาว', 'บษ 8220', 'reserved', 0, 2, 2, '2025-09-23', '2021-12-03', 4, 1, 'Toyota Hilux Revo 2.4 Entry Single Cab เกียร์ ธรรมดา *เสริมแหนบ* VAT รุ่งนิรันดร์ (19/9/68) ราคาป้ายแดง 584,000 บาท ลดเหลือ 439,000 บาท ผ่อนเริ่มต้น : 7,xxx จำนวน 84 งวด AY : 405 / KL : 444 / TTB: 430 / CIMB : 357 EEA ตรวจGOO 25-11-68 1.โคราช ตูน 20/12/68 (ชิงชัย) 2.โคราช ตูน 28/5/69 (อารีย์)', JSON_ARRAY('https://www.rungniran.co.th/wp-content/uploads/2025/11/บษ-8220-สระบุรี-01.jpg')),
  ('Benelli', 'TRK502X (BT502X-20)', 'motorcycle', 2022, 169000, 'manual', '2wd', 'gasoline', 0, NULL, '5ขด 45', 'available', 0, 2, 0, '2025-10-01', NULL, 2, 1, 'BENELLI TRK502X (BT502X-H) เกียร์ ธรรมดา VAT ดีรุ่งเรือง AY.172,700 เงินสด 169,000 ดาวน์ 9,000 ผ่อน 4,400 / 60 งวด', JSON_ARRAY('https://www.rungniran.co.th/wp-content/uploads/2025/11/45.jpg')),
  ('Isuzu', 'D-MAX', 'pickupcab', 2020, 449000, 'manual', '2wd', 'diesel', 0, 'ขาว', '3ฒข 8541', 'available', 0, 4, 2, '2025-10-02', '2020-09-21', 5, 1, 'D-Max All New Blue Power Spacecab 1.9 Ddi S เกียร์ ธรรมดา VAT รุ่งนิรันดร์ (30/9/68) ราคาป้ายแดง 605,000 บาท ลดเหลือ 449,000 บาท ผ่อนเริ่มต้น : 7,xxx จำนวน 84 งวด AY : 390 / KL : 438 / TTB: 415 / CIMB : 337 EHE ตรวจGOO 8-1-69', JSON_ARRAY('https://www.rungniran.co.th/wp-content/uploads/2026/01/3ฒข-8541-กทม-01.jpg')),
  ('Isuzu', 'D-MAX', 'pickupcab', 2021, 469000, 'manual', '2wd', 'diesel', 0, 'ขาว', 'ผย 3462', 'available', 0, 4, 2, '2025-10-02', '2021-08-16', 1, 1, 'D-Max All New Blue Power Spacecab 1.9 Ddi S เกียร์ ธรรมดา VAT รุ่งนิรันดร์ (29/9/68) ราคาป้ายแดง 610,000 บาท ลดเหลือ 469,000 บาท ผ่อนเริ่มต้น : 8,xxx จำนวน 84 งวด AY : 410 / KL : 460 / TTB: 435 / CIMB : 351 EGA', JSON_ARRAY('https://www.rungniran.co.th/wp-content/uploads/2026/01/ผย-3462-อุดรธานี-01.jpg')),
  ('Isuzu', 'D-MAX', 'pickupcab', 2022, 569000, 'manual', '2wd', 'diesel', 0, 'ดำ', '3ฒถ 2920', 'available', 0, 4, 2, '2025-10-02', '2022-03-01', 4, 1, 'D-Max All New Blue Power Spacecab Hi-Lander 1.9 Ddi L DA เกียร์ ธรรมดา VAT รุ่งนิรันดร์ (30/9/68) ราคาป้ายแดง 733,000 บาท ลดเหลือ 569,000 บาท ผ่อนเริ่มต้น : 9,xxx จำนวน 84 งวด AY : 540 / KL : 563 / TTB: 512 / CIMB : 472 LLI ตรวจGOO 26-11-68', JSON_ARRAY('https://www.rungniran.co.th/wp-content/uploads/2025/11/3ฒถ-2920-กทม-01.jpg')),
  ('Toyota', 'REVO', 'pickupcab', 2020, 489000, 'manual', '2wd', 'diesel', 0, 'ขาว', 'ผย 3866', 'available', 0, 4, 2, '2025-10-02', '2020-09-15', 4, 1, 'Toyota Hilux Revo Smart Cab 2.4 Mid Z Edition เกียร์ ธรรมดา VAT รุ่งนิรันดร์ (1/10/68) ราคาป้ายแดง 693,000 บาท ลดเหลือ 489,000 บาท ผ่อนเริ่มต้น : 8,xxx จำนวน 84 งวด AY : 460 / KL : 494 / TTB: 430 / CIMB : 399 LAG ตรวจGOO 27-1-69 L ตรวจ 1-2 car 25-3-69', JSON_ARRAY('https://www.rungniran.co.th/wp-content/uploads/2026/01/ผย-3866-อุดรธานี-01.jpg')),
  ('Toyota', 'REVO', 'pickupcab', 2018, 419000, 'manual', '2wd', 'diesel', 0, 'เทา', 'บต 8524', 'reserved', 0, 4, 2, '2025-10-02', '2019-02-06', 1, 1, 'Toyota Hilux Revo Smart Cab 2.4 J Plus 6SP เกียร์ ธรรมดา VAT รุ่งนิรันดร์ (1/10/68) ราคาป้ายแดง 650,000 บาท ลดเหลือ 419,000 บาท ผ่อนเริ่มต้น : 7,xxx จำนวน 84 งวด AY : 380 / KL : 409 / TTB: 400 / CIMB : 337 EAE ตรวจGOO 8-6-69 ตรวจGOO 2-2-69(L) 1.สนญ. ฟิวส์ 5/6/69 (นุจรี)', JSON_ARRAY('https://www.rungniran.co.th/wp-content/uploads/2026/01/บต-8524-นครนายก-01.jpg')),
  ('Mitsubishi', 'TRITON', 'pickupcab', 2018, 389000, 'manual', '2wd', 'diesel', 0, 'เทา', 'บษ 2798', 'reserved', 0, 4, 2, '2025-10-03', '2018-07-18', 1, 1, 'Triton All New Mega Cab 2.4 GLS Ltd Plus เกียร์ ธรรมดา VAT รุ่งนิรันดร์ (2/10/68) ราคาป้ายแดง 737,000 บาท ลดเหลือ 389,000 บาท ผ่อนเริ่มต้น : 6,xxx จำนวน 84 งวด AY : 355 / KL : 331 / TTB: 365 / CIMB : 327 EII ตรวจGOO 3-12-68 1.89ดีเวล์ เจี๊ยบ 12/5/69 (ดวงฤดี) 2.โคราช ดา 12/6/69 (ศุภชัย)', JSON_ARRAY('https://www.rungniran.co.th/wp-content/uploads/2025/11/บษ-2798-สุรินทร์-01.jpg')),
  ('Toyota', 'REVO', 'pickupcab', 2019, 419000, 'manual', '2wd', 'diesel', 0, 'ขาว', 'ผย 6008', 'available', 0, 4, 2, '2025-10-08', '2019-05-28', 3, 1, 'Toyota Hilux Revo Smart Cab 2.4 J Plus Z Edition เกียร์ ธรรมดา VAT รุ่งนิรันดร์ (6/10/68) ราคาป้ายแดง 595,000 บาท ลดเหลือ 419,000 บาท ผ่อนเริ่มต้น : 7,xxx จำนวน 84 งวด AY : 380 / KL : 402 / TTB: 375 / CIMB : 337 EbA ตรวจGOO 19-1-69', JSON_ARRAY('https://www.rungniran.co.th/wp-content/uploads/2026/01/2ฒม-7361-กทม-01.jpg')),
  ('Mazda', 'MAZDA2', 'sedan', 2019, 419000, 'auto', '2wd', 'gasoline', 0, 'ขาว', 'ขพ 3476', 'reserved', 0, 5, 4, '2025-10-10', NULL, 2, 2, 'Mazda 2 1.5 Skyactiv XD Sports High Plus L เกียร์ ออโต้ NOVAT ดีรุ่งเรือง (6/10/68) ราคาป้ายแดง 789,000 บาท ลดเหลือ 419,000 บาท ผ่อนเริ่มต้น : 7,xxx จำนวน 84 งวด AY : 330 / KL : 417 / TTB: 395 / CIMB : 366 EZE ตรวจGOO 17-11-68 1.ดีเวลล์ เค้ก 18/6/69 (รสริน)', JSON_ARRAY('https://www.rungniran.co.th/wp-content/uploads/2025/10/8กษ-6916-กทม-01.jpg')),
  ('Mitsubishi', 'TRITON', 'pickupcab', 2021, 509000, 'manual', '2wd', 'diesel', 0, 'ขาว', 'ผพ 2807', 'available', 0, 4, 2, '2025-10-10', '2023-02-15', 5, 1, 'Triton All New Mega Cab 2.4 GT Plus เกียร์ ธรรมดา VAT รุ่งนิรันดร์ (9/10/68) ราคาป้ายแดง 784,000 บาท ลดเหลือ 509,000 บาท ผ่อนเริ่มต้น : 8,xxx จำนวน 84 งวด AY : 475 / KL : 425 / TTB: 450 / CIMB : 421 LIG ตรวจGOO 8-1-69', JSON_ARRAY('https://www.rungniran.co.th/wp-content/uploads/2026/01/ผพ-2807-อุดรธานี-01.jpg')),
  ('Ford', 'RANGER', 'pickupcab', 2018, 369000, 'manual', '2wd', 'diesel', 0, 'เทา', 'บห 5553', 'available', 0, 4, 2, '2025-10-10', '2018-08-15', 4, 1, 'Ford Ranger All-New Open Cab 2.2 Hi-Rider XL+ เกียร์ ธรรมดา VAT รุ่งนิรันดร์ (9/10/68) ราคาป้ายแดง 659,000 บาท ลดเหลือ 369,000 บาท ผ่อนเริ่มต้น : 6,xxx จำนวน 84 งวด AY : 310 / TTB: 325 / CIMB : 284 / KL : ไม่จัด EIE ตรวจ Goo 23-12-68', JSON_ARRAY('https://www.rungniran.co.th/wp-content/uploads/2026/01/บห-5553-สุพรรณบุรี-01.jpg')),
  ('Mitsubishi', 'TRITON', 'pickupcab', 2010, 159000, 'manual', '2wd', 'diesel', 0, 'เทา', 'บฉ 8221', 'available', 0, 4, 2, '2025-10-10', '2011-05-18', 1, 1, 'Triton Cab 2.5 GLX เกียร์ ธรรมดา NOVAT รุ่งนิรันดร์ (9/10/68) ราคาป้ายแดง 567,000 บาท ลดเหลือ 159,000 บาท ไม่บวกเพิ่ม TC : 160 ITH', JSON_ARRAY('https://www.rungniran.co.th/wp-content/uploads/2026/01/บฉ-8221-ยะลา-01.jpg')),
  ('Toyota', 'VIOS', 'sedan', 2012, 239000, 'auto', '2wd', 'gasoline', 0, 'เทา', 'ขพ 5407', 'available', 0, 5, 4, '2025-10-10', '2012-05-08', 1, 1, 'Vios 1.5 E เกียร์ ออโต้ VAT รุ่งนิรันดร์ (9/10/68) ราคาป้ายแดง 615,000 บาท ลดเหลือ 239,000 บาท TC : 200 ZAT', JSON_ARRAY('https://www.rungniran.co.th/wp-content/uploads/2025/12/กร-2646-ขอนแก่น-01.jpg')),
  ('Mitsubishi', 'TRITON', 'pickupcab', 2018, 369000, 'manual', '2wd', 'diesel', 0, 'ดำ', 'บล 4254', 'reserved', 0, 4, 2, '2025-10-11', '2018-10-04', 1, 1, 'Triton Cab 2.5 GLX เกียร์ธรรมดา VAT รุ่งนิรันดร์ ELZ ราคาป้ายแดง 621,000 บาท ลดเหลือ 369,000 บาท AY100% ผ่อนเริ่มต้น : 6,xxx จำนวน 84 งวด AY : 315 / TTB : 320 ตรวจGOO 23-12-68 1.สนญ. เบนซ์ 29/5/69 (นุจนารถ)', JSON_ARRAY('https://www.rungniran.co.th/wp-content/uploads/2025/12/บล-4254-ศรีสะเกษ-01.jpg')),
  ('Nissan', 'NAVARA', 'pickupcab', 2018, 349000, 'manual', '2wd', 'diesel', 0, 'ดำ', 'บธ 5273', 'reserved', 0, 4, 2, '2025-10-13', '2019-02-26', 2, 2, 'NP300 Navara King Cab 2.5 E เกียร์ ธรรมดา VAT ดีรุ่งเรือง (11/10/68) ราคาป้ายแดง 667,000 บาท ลดเหลือ 349,000 บาท ผ่อนเริ่มต้น : 5,xxx จำนวน 84 งวด TTB: 315 / AY : 225 / KL : 307 ZTZ ตรวจGOO 25-11-68 1.โคราช แบม 6/5/69 (พิเชษฐ์) 2.สกลฯ เปิ้ล 18/6/69 (ยุทธ)', JSON_ARRAY('https://www.rungniran.co.th/wp-content/uploads/2025/11/บธ-5273-นครพนม-01.jpg')),
  ('Mitsubishi', 'TRITON', 'pickupcab', 2018, 429000, 'manual', '2wd', 'diesel', 0, 'ขาว', 'ผล 6811', 'available', 0, 4, 2, '2025-10-15', '2018-05-28', 6, 1, 'Triton All New Mega Cab 2.4 GLS Ltd Plus ATHLETE เกียร์ ธรรมดา VAT รุ่งนิรันดร์ (12/10/68) ราคาป้ายแดง 761,000 บาท ลดเหลือ 429,000 บาท ผ่อนเริ่มต้น : 7,xxx จำนวน 84 งวด AY : 400 / KL : 368 / TTB: 380 / CIMB : 364 EEA ตรวจGOO 28-1-69', JSON_ARRAY('https://www.rungniran.co.th/wp-content/uploads/2026/01/ผล-6811-ขอนแก่น-01.jpg')),
  ('Mitsubishi', 'TRITON', 'pickupcab', 2017, 349000, 'manual', '2wd', 'diesel', 0, 'เทา', 'ยก 8377', 'reserved', 0, 4, 2, '2025-10-15', '2017-08-11', 5, 1, 'Triton All New Mega Cab 2.5 GLX เกียร์ ธรรมดา VAT รุ่งนิรันดร์ (12/10/68) ราคาป้ายแดง 620,000 บาท ลดเหลือ 349,000 บาท ผ่อนเริ่มต้น : 5,xxx จำนวน 84 งวด AY : 300 / KL : 279 / TTB: 300 / CIMB : 274 ZTA ตรวจGOO 25-11-68 1.โคราช เอ็ม 21/5/69 (พนมพร)', JSON_ARRAY('https://www.rungniran.co.th/wp-content/uploads/2025/11/ยก-8377-เชียงใหม่-01.jpg')),
  ('Toyota', 'REVO', 'pickupcab', 2022, 479000, 'manual', '2wd', 'diesel', 0, 'ขาว', 'ยน 4751', 'available', 0, 4, 2, '2025-10-15', '2022-03-28', 5, 1, 'Toyota Hilux Revo Smart Cab 2.4 Mid Z Edition เกียร์ ธรรมดา VAT รุ่งนิรันดร์ (11/10/68) ราคาป้ายแดง 639,000 บาท ลดเหลือ 479,000 บาท ผ่อนเริ่มต้น : 8,xxx จำนวน 84 งวด AY : 495 / KL : 463 / TTB: 445 / CIMB : 379 ETE ตรวจGOO 3-12-68', JSON_ARRAY('https://www.rungniran.co.th/wp-content/uploads/2025/12/ยน-4751-นครราชสีมา-01.jpg')),
  ('Toyota', 'VIOS', 'sedan', 2011, 229000, 'auto', '2wd', 'gasoline', 0, 'ขาว', 'กค 5356', 'available', 0, 5, 4, '2025-10-15', '2011-08-09', 1, 1, 'Vios 1.5 J เกียร์ ออโต้ VAT รุ่งนิรันดร์ (12/10/68) ราคาป้ายแดง 549,000 บาท ลดเหลือ 229,000 บาท ผ่อนเริ่มต้น : 3,xxx จำนวน 84 งวด TC : 180 ZIA', JSON_ARRAY('https://www.rungniran.co.th/wp-content/uploads/2025/11/กค-5356-บึงกาฬ-01.jpg')),
  ('Isuzu', 'D-MAX', 'pickupcab', 2022, 549000, 'manual', '2wd', 'diesel', 0, 'ดำ', 'ผย 4169', 'reserved', 0, 4, 2, '2025-10-17', '2023-04-19', 1, 1, 'D-Max All New Blue Power Spacecab 1.9 Ddi L เกียร์ ธรรมดา VAT รุ่งนิรันดร์ (16/10/68) ราคาป้ายแดง 713,000 บาท ลดเหลือ 549,000 บาท ผ่อนเริ่มต้น : 9,xxx จำนวน 84 งวด AY : 530 / KL : 531 / TTB: 570 LHT ตรวจGOO 12/1/69 1.89ดีเวลล์ ส้ม 21/2/69 (อิทธิพงษ์) 2.สนญ. แซ็ก 25/4/69 (นิวัฒน์) 3.สนญ. คม 19/6/69 (สุจิตตา)', JSON_ARRAY('https://www.rungniran.co.th/wp-content/uploads/2025/12/บล-5755-ชัยภูมิ-01.jpg')),
  ('Toyota', 'FORTUNER', 'suv', 2017, 829000, 'auto', '2wd', 'diesel', 0, 'ดำ', 'ขพ 4996', 'available', 1, 7, 4, '2025-10-17', '2018-01-11', 1, 1, 'Fortuner 2.8 V เกียร์ ออโต้ NOVAT รุ่งนิรันดร์ (16/10/68) ราคาป้ายแดง 1,593,000 บาท ลดเหลือ 829,000 บาท ผ่อนเริ่มต้น : 14,xxx จำนวน 84 งวด AY : 820 / KL : 844 / TTB: 870 / CIMB : 776 TZA ตรวจGOO 15-12-68', JSON_ARRAY('https://www.rungniran.co.th/wp-content/uploads/2025/12/ขพ-4996-อุดรธานี-01.jpg')),
  ('Toyota', 'REVO', 'pickupcab', 2019, 419000, 'manual', '2wd', 'diesel', 0, 'ขาว', '2ฒร 9184', 'available', 0, 4, 2, '2025-10-17', '2019-08-07', 6, 1, 'Toyota Hilux Revo Smart Cab 2.4 J Plus Z Edition เกียร์ ธรรมดา VAT รุ่งนิรันดร์ (14/10/68) ราคาป้ายแดง 595,000 บาท ลดเหลือ 419,000 บาท ผ่อนเริ่มต้น : 7,xxx จำนวน 84 งวด AY : 380 / KL : 402 / TTB: 375 / CIMB : 337 ETZ ตรวจGOO 26-11-68', JSON_ARRAY('https://www.rungniran.co.th/wp-content/uploads/2025/11/2ฒร-9184-กทม-01.jpg')),
  ('Toyota', 'REVO', 'pickupcab', 2023, 509000, 'manual', '2wd', 'diesel', 0, 'ขาว', 'บร 2716', 'available', 0, 4, 2, '2025-10-17', '2023-10-11', 4, 1, 'Toyota Hilux Revo Smart Cab 2.4 Entry Z Edition เกียร์ ธรรมดา VAT รุ่งนิรันดร์ (15/10/68) ราคาป้ายแดง 639,000 บาท ลดเหลือ 509,000 บาท ผ่อนเริ่มต้น : 8,xxx จำนวน 84 งวด AY : 475 / KL : 504 / TTB: 445 / CIMB : 391 ETA ตรวจGOO 2-2-69', JSON_ARRAY('https://www.rungniran.co.th/wp-content/uploads/2026/01/บร-2716-เลย-01.jpg')),
  ('Toyota', 'FORTUNER', 'suv', 2019, 889000, 'auto', '2wd', 'diesel', 0, 'ดำ', '8กอ 2183', 'available', 1, 7, 4, '2025-10-21', '2019-07-26', 2, 2, 'Fortuner 2.8 V เกียร์ ออโต้ VAT ดีรุ่งเรือง (18/10/68) ราคาป้ายแดง 1,603,000 บาท ลดเหลือ 889,000 บาท ผ่อนเริ่มต้น : 16,xxx จำนวน 84 งวด AY : 875 / KL : 952 / TTB: 940 TSE ตรวจGOO 17-11-68', JSON_ARRAY('https://www.rungniran.co.th/wp-content/uploads/2025/11/8กอ-2183-กทม-01.jpg')),
  ('Isuzu', 'D-MAX', 'pickupcab', 2020, 449000, 'manual', '2wd', 'diesel', 0, 'ขาว', '3ฒค 399', 'reserved', 0, 4, 2, '2025-10-22', '2020-09-28', 4, 1, 'D-Max All New Blue Power Spacecab 1.9 Ddi S เกียร์ ธรรมดา VAT รุ่งนิรันดร์ (21/10/68) ราคาป้ายแดง 605,000 บาท ลดเหลือ 449,000 บาท ผ่อนเริ่มต้น : 7,xxx จำนวน 84 งวด AY : 390 / KL : 438 / TTB: 415 / CIMB : 337 EbI ตรวจGoo 16-2-69 1.โคราช สา 10/6/69 (ญาณิกา) 2.89ดีเวลล์ ส้ม 12/6/69 (สุภัสสร)', JSON_ARRAY('https://www.rungniran.co.th/wp-content/uploads/2026/02/3ฒค-399-กทม-01.jpg')),
  ('Nissan', 'ALMERA', 'sedan', 2022, 419000, 'auto', '2wd', 'gasoline', 0, 'เทา', 'ขพ 7419', 'reserved', 0, 5, 4, '2025-10-30', '2022-09-07', 3, 1, 'Almera Turbo 1.0 EL เกียร์ ออโต้ VAT รุ่งนิรันดร์ (27/10/68) ราคาป้ายแดง 565,000 บาท ลดเหลือ 419,000 บาท ผ่อนเริ่มต้น : 6,xxx จำนวน 84 งวด TTB: 380 / KL : 350 / AY : 290 EHA ตรวจGOO 15-12-68 1.โคราช แบม 28/3/69 (เปรมวดี)', JSON_ARRAY('https://www.rungniran.co.th/wp-content/uploads/2025/12/กบ-1550-เพชรบูรณ์-01.jpg')),
  ('Toyota', 'REVO', 'pickupcab', 2018, 419000, 'manual', '2wd', 'diesel', 0, 'ขาว', 'ผย 3870', 'reserved', 0, 4, 2, '2025-10-31', '2018-11-02', 3, 1, 'Toyota Hilux Revo Smart Cab 2.4 J Plus เกียร์ ธรรมดา VAT รุ่งนิรันดร์ (29/10/68) ราคาป้ายแดง 650,000 บาท ลดเหลือ 419,000 บาท ผ่อนเริ่มต้น : 7,xxx จำนวน 84 งวด AY : 380 / KL : 409 / TTB: 380 EZL ตรวจGOO 8-1-69 1.สนญ. เบนซ์ 19/5/69 (รัตนาพร)', JSON_ARRAY('https://www.rungniran.co.th/wp-content/uploads/2026/01/ผย-3870-อุดรธานี-01.jpg')),
  ('Toyota', 'REVO', 'pickupcab', 2020, 489000, 'manual', '2wd', 'diesel', 0, 'เทา', '3ฒค 9402', 'available', 0, 4, 2, '2025-10-31', '2020-10-28', 7, 1, 'Toyota Hilux Revo Smart Cab 2.4 Mid Z Edition เกียร์ ธรรมดา VAT รุ่งนิรันดร์ (29/10/68) ราคาป้ายแดง 693,000 บาท ลดเหลือ 489,000 บาท ผ่อนเริ่มต้น : 8,xxx จำนวน 84 งวด AY : 460 / KL : 494 / TTB: 430 EGA ตรวจGOO 17-11-68', JSON_ARRAY('https://www.rungniran.co.th/wp-content/uploads/2025/11/3ฒค-9402-กทม-01.jpg')),
  ('Toyota', 'REVO', 'pickupcab', 2018, 439000, 'manual', '2wd', 'diesel', 0, 'เทา', 'ผฉ 373', 'reserved', 0, 4, 2, '2025-11-03', '2018-10-16', 1, 1, 'Toyota Hilux Revo Smart Cab 2.4 E เกียร์ ธรรมดา VAT รุ่งนิรันดร์ (1/11/68) ราคาป้ายแดง 690,000 บาท ลดเหลือ 439,000 บาท ผ่อนเริ่มต้น : 7,xxx จำนวน 84 งวด AY : 405 / KL : 440 / TTB: 380 ESZ ตรวจGOO 25-5- ตรวจGOO 19-1-69 (A) 1.โคราช แอท 18/2/69 (พยง)', JSON_ARRAY('https://www.rungniran.co.th/wp-content/uploads/2026/01/ผฉ-373-เพชรบูรณ์-01.jpg')),
  ('Toyota', 'REVO', 'pickupcab', 2020, 489000, 'manual', '2wd', 'diesel', 0, 'เทา', '3ฒฆ 3915', 'available', 0, 4, 2, '2025-11-08', '2020-11-13', 6, 1, 'Toyota Hilux Revo Smart Cab 2.4 Mid Z Edition เกียร์ ธรรมดา VAT รุ่งนิรันดร์ (7/11/68) ราคาป้ายแดง 693,000 บาท ลดเหลือ 489,000 บาท ผ่อนเริ่มต้น : 8,xxx จำนวน 84 งวด AY : 460 / KL : 494 / TTB: 430 EHI ตรวจGOO 19-1-69', JSON_ARRAY('https://www.rungniran.co.th/wp-content/uploads/2026/01/3ฒฆ-3915-กทม-01.jpg')),
  ('Toyota', 'REVO', 'pickupcab', 2022, 589000, 'manual', '2wd', 'diesel', 0, 'ดำ', 'ผค 677', 'available', 0, 4, 2, '2025-11-08', '2022-06-16', 5, 1, 'Toyota Hilux Revo Smart Cab 2.4 Mid Prerunner เกียร์ ธรรมดา VAT รุ่งนิรันดร์ (3/11/68) ราคาป้ายแดง 804,000 บาท ลดเหลือ 589,000 บาท ผ่อนเริ่มต้น : 10,xxx จำนวน 84 งวด AY : 560 / KL : 598 / TTB: 570 SIA ตรวจGOO 15-12-68', JSON_ARRAY('https://www.rungniran.co.th/wp-content/uploads/2025/12/ผค-677-พิษณุโลก-01.jpg')),
  ('Toyota', 'REVO', 'pickupcab', 2020, 489000, 'manual', '2wd', 'diesel', 0, 'เทา', 'ผย 3868', 'available', 0, 4, 2, '2025-11-18', '2020-08-20', 7, 1, 'Toyota Hilux Revo Smart Cab 2.4 Mid Z Edition เกียร์ ธรรมดา VAT รุ่งนิรันดร์ (15/11/68) ราคาป้ายแดง 693,000 บาท ลดเหลือ 489,000 บาท ผ่อนเริ่มต้น : 8,xxx จำนวน 84 งวด AY : 460 / KL : 494 / TTB: 430 ETI ตรวจGOO 19-1-69', JSON_ARRAY('https://www.rungniran.co.th/wp-content/uploads/2026/01/ผย-3868-อุดรธานี-01.jpg')),
  ('Nissan', 'NAVARA', 'pickupcab', 2022, 419000, 'manual', '2wd', 'diesel', 0, 'เทา', '3ฒท 6506', 'available', 0, 4, 2, '2025-12-03', '2022-04-20', 5, 1, 'Nissan Navara King Cab 2.5 SL เกียร์ ธรรมดา VAT รุ่งนิรันดร์ (1/12/68) ราคาป้ายแดง 649,000 บาท ลดเหลือ 419,000 บาท ผ่อนเริ่มต้น : 6,xxx จำนวน 84 งวด KL : 399 / TTB: 370 / AY : 300 EZG ตรวจGOO 8-1-69', JSON_ARRAY('https://www.rungniran.co.th/wp-content/uploads/2026/01/3ฒท-6506-กทม-01.jpg')),
  ('Toyota', 'REVO', 'pickup', 2019, 409000, 'manual', '2wd', 'diesel', 0, 'ขาว', 'ผก 2022', 'reserved', 0, 2, 2, '2025-12-03', '2019-09-28', 1, 1, 'Toyota Hilux Revo 2.8 J Plus Single Cab เกียร์ ธรรมดา *เสริมแหนบ* VAT รุ่งนิรันดร์ (1/12/68) ราคาป้ายแดง 607,000 บาท ลดเหลือ 409,000 บาท ผ่อนเริ่มต้น : 6,xxx จำนวน 84 งวด KL : 391 / AY : 370 / TTB: 375 ELA 1.สกลฯ ดา 16/6/69 (มงคล)', JSON_ARRAY('https://www.rungniran.co.th/wp-content/uploads/2026/01/ผก-2022-สุพรรณบุรี-01.jpg')),
  ('Ford', 'RANGER', 'pickupcab', 2018, 409000, 'manual', '2wd', 'diesel', 0, 'ดำ', 'ผบ 8555', 'available', 0, 4, 2, '2025-12-10', '2018-08-16', 2, 2, 'Ford Ranger All-New Open Cab 2.2 Hi-Rider XLT เกียร์ ธรรมดา VAT ดีรุ่งเรือง (9/12/68) ราคาป้ายแดง 749,000 บาท ลดเหลือ 409,000 บาท ผ่อนเริ่มต้น : 7,xxx จำนวน 84 งวด AY : 370 / TTB: 365 / KL : ไม่จัด ZGS ตรวจGOO 19-1-69', JSON_ARRAY('https://www.rungniran.co.th/wp-content/uploads/2026/01/ผบ-8555-อุบลราชธานี-01.jpg')),
  ('Kawasaki', 'Z900 (ZR900BKFA)', 'motorcycle', 2019, 219000, 'manual', '2wd', 'gasoline', 0, NULL, '1ขษ 6794', 'reserved', 0, 2, 0, '2025-12-11', NULL, 2, 1, 'KAWASAKI Z900 (ZR900BKFA) เกียร์ ธรรมดา VAT ดีรุ่งเรือง AY.196,300 เงินสด 219,000 (AY) ฟรีดาวน์ (AY) ผ่อน 5,800 / 48 งวด 1.ดีรุ่งเรือง ทราย 2/4/69 (วัชรินทร์)', JSON_ARRAY('https://www.rungniran.co.th/wp-content/uploads/2025/12/6794.jpg')),
  ('Toyota', 'REVO', 'pickupcab', 2022, 479000, 'manual', '2wd', 'diesel', 0, 'ขาว', 'บย 6112', 'available', 0, 4, 2, '2025-12-20', '2022-11-23', 4, 1, 'Toyota Hilux Revo Smart Cab 2.4 Entry Z Edition เกียร์ ธรรมดา VAT รุ่งนิรันดร์ (18/12/68) ราคาป้ายแดง 629,000 บาท ลดเหลือ 479,000 บาท ผ่อนเริ่มต้น : 8,xxx จำนวน 84 งวด AY : 450 / KL : 463 / TTB: 435 EGE ตรวจGOO 19-1-69', JSON_ARRAY('https://www.rungniran.co.th/wp-content/uploads/2026/01/บย-6112-สระแก้ว-01.jpg')),
  ('Toyota', 'REVO', 'pickupcab', 2020, 429000, 'manual', '2wd', 'diesel', 0, 'เทา', 'ผต 1913', 'available', 0, 4, 2, '2025-12-20', '2020-03-27', 6, 1, 'Toyota Hilux Revo Smart Cab 2.4 J Plus Z Edition เกียร์ ธรรมดา VAT รุ่งนิรันดร์ (19/12/68) ราคาป้ายแดง 600,000 บาท ลดเหลือ 429,000 บาท ผ่อนเริ่มต้น : 7,xxx จำนวน 84 งวด AY : 390 / KL : 406 / TTB: 395 ELT ตรวจGOO 19-1-69', JSON_ARRAY('https://www.rungniran.co.th/wp-content/uploads/2026/01/ผต-1913-นครศรีธรรมราช-01.jpg')),
  ('Toyota', 'REVO', 'pickup4', 2018, 629000, 'auto', '2wd', 'diesel', 0, 'ขาว', '7กล 1697', 'reserved', 0, 5, 4, '2025-12-26', '2018-08-14', 4, 1, 'Toyota Hilux Revo Double Cab 2.8 G Prerunner Navi เกียร์ ออโต้ VAT รุ่งนิรันดร์ (25/12/68) ราคาป้ายแดง 1,079,000บาท ลดเหลือ 629,000 บาท ผ่อนเริ่มต้น : 10,xxx จำนวน 84 งวด AY : 605 / KL : 655 / TTB: 655 SES ตรวจGOO 27-1-69 L ตรวจ 1-2 car 25-3-69 1.โคราช แม็ค 10/5/69 (สันสกฤษ) 2.โคราช แม็ค 4/6/69 (สุพันธุ์)', JSON_ARRAY('https://www.rungniran.co.th/wp-content/uploads/2026/01/7กล-1697-กทม-01.jpg')),
  ('Toyota', 'REVO', 'pickupcab', 2020, 619000, 'auto', '2wd', 'diesel', 0, 'ดำ', 'บต 6038', 'reserved', 0, 4, 2, '2025-12-26', '2021-02-25', 6, 1, 'Toyota Hilux Revo Smart Cab 2.4 High Prerunner เกียร์ ออโต้ VAT รุ่งนิรันดร์ (25/12/68) ราคาป้ายแดง 914,000 บาท ลดเหลือ 619,000 บาท ผ่อนเริ่มต้น : 10,xxx จำนวน 84 งวด AY : 595 / KL : 625 / TTB: 585 SAS ตรวจGOO 27-1-69 1.โคราช ก๊อต 5/6/69 (อดิเรก)', JSON_ARRAY('https://www.rungniran.co.th/wp-content/uploads/2026/01/บต-6038-สิงห์บุรี-01.jpg')),
  ('Toyota', 'REVO', 'pickupcab', 2018, 419000, 'manual', '2wd', 'diesel', 0, 'เทา', 'ผว 6581', 'reserved', 0, 4, 2, '2025-12-26', '2019-01-28', 1, 1, 'Toyota Hilux Revo Smart Cab 2.4 J Plus เกียร์ ธรรมดา VAT รุ่งนิรันดร์ (25/12/68) ราคาป้ายแดง 650,000 บาท ลดเหลือ 419,000 บาท ผ่อนเริ่มต้น : 6,xxx จำนวน 84 งวด AY : 380 / KL : 409 / TTB: 375 *J EIZ ตรวจGoo 10-2-69 1.สกลฯ ดล 16/6/69 (น้ำฝน)', JSON_ARRAY('https://www.rungniran.co.th/wp-content/uploads/2026/02/ผว-6581-ขอนแก่น-01.jpg')),
  ('Ford', 'RANGER', 'pickupcab', 2022, 469000, 'manual', '2wd', 'diesel', 0, 'เทา', '3ฒษ 4388', 'available', 0, 4, 2, '2026-01-05', '2023-08-25', 1, 1, 'Ford Ranger All-New Open Cab 2.0 Turbo XL เกียร์ ธรรมดา VAT รุ่งนิรันดร์ (3/1/69) ราคาป้ายแดง 645,000 บาท ลดเหลือ 469,000 บาท ผ่อนเริ่มต้น : 7,xxx จำนวน 84 งวด TTB: 490 / AY : 425 / KL : ไม่จัด ETT ตรวจGOO 19-5-69 ตรวจGOO 30-3-69 (A)', JSON_ARRAY('https://www.rungniran.co.th/wp-content/uploads/2026/03/3ฒษ-4388-กทม-01.jpg')),
  ('Mitsubishi', 'TRITON', 'pickupcab', 2018, 369000, 'manual', '2wd', 'diesel', 0, 'เทา', 'ผย 5504', 'available', 0, 4, 2, '2026-01-05', '2019-01-25', 4, 1, 'Triton All New Mega Cab 2.5 GLX เกียร์ ธรรมดา VAT รุ่งนิรันดร์ (5/1/69) ราคาป้ายแดง 621,000 บาท ลดเหลือ 369,000 บาท ผ่อนเริ่มต้น : 6,xxx จำนวน 84 งวด TTB: 345 / AY : 295 / KL : 286 EAT ตรวจGOO 2-2-69', JSON_ARRAY('https://www.rungniran.co.th/wp-content/uploads/2026/02/ผท-4494-นครสวรรค์-01.jpg')),
  ('Toyota', 'REVO', 'pickup', 2019, 409000, 'manual', '2wd', 'diesel', 0, 'เทา', '2ฒฮ 2278', 'available', 0, 2, 2, '2026-01-06', '2020-06-05', 1, 1, 'Toyota Hilux Revo 2.4 J Plus SWB Single Cab เกียร์ ธรรมดา VAT รุ่งนิรันดร์ (5/1/69) ราคาป้ายแดง 587,000 บาท ลดเหลือ 409,000 บาท ผ่อนเริ่มต้น : 6,xxx จำนวน 84 งวด AY : 360 / KL : 340 / TTB: 365 ELE', JSON_ARRAY('https://www.rungniran.co.th/wp-content/uploads/2026/02/2ฒฮ-2278-กทม-01.jpg')),
  ('Toyota', 'REVO', 'pickupcab', 2020, 489000, 'manual', '2wd', 'diesel', 0, 'ขาว', '3ฒข 7218', 'available', 0, 4, 2, '2026-01-06', '2020-09-16', 3, 1, 'Toyota Hilux Revo Smart Cab 2.4 Mid Z Edition เกียร์ ธรรมดา VAT รุ่งนิรันดร์ (5/1/69) ราคาป้ายแดง 693,000 บาท ลดเหลือ 489,000 บาท ผ่อนเริ่มต้น : 8,xxx จำนวน 84 งวด AY : 460 / KL : 461 / TTB: 430 EGL ตรวจGOO 4-3-69', JSON_ARRAY('https://www.rungniran.co.th/wp-content/uploads/2026/01/3ฒข-7218-กทม-01.jpg')),
  ('Isuzu', 'D-MAX', 'pickupcab', 2022, 499000, 'manual', '2wd', 'diesel', 0, 'ขาว', 'ผย 5696', 'available', 0, 4, 2, '2026-01-07', '2023-01-12', 1, 1, 'D-Max All New Blue Power Spacecab 1.9 Ddi S เกียร์ ธรรมดา VAT รุ่งนิรันดร์ (6/1/69) ราคาป้ายแดง 615,000 บาท ลดเหลือ 499,000 บาท ผ่อนเริ่มต้น : 8,xxx จำนวน 84 งวด AY : 460 / KL : 477 / TTB: 475 LEG ตรวจGOO 24-2-69', JSON_ARRAY('https://www.rungniran.co.th/wp-content/uploads/2026/02/ยฉ-4657-ชลบุรี-01.jpg')),
  ('Toyota', 'REVO', 'pickupcab', 2020, 489000, 'manual', '2wd', 'diesel', 0, 'ขาว', '3ฒค 1364', 'available', 0, 4, 2, '2026-01-08', '2020-09-28', 3, 1, 'Toyota Hilux Revo Smart Cab 2.4 Mid Z Edition เกียร์ ธรรมดา VAT รุ่งนิรันดร์ (7/1/69) ราคาป้ายแดง 693,000 บาท ลดเหลือ 489,000 บาท ผ่อนเริ่มต้น : 8,xxx จำนวน 84 งวด AY : 460 / KL : 461 / TTB: 430 LAI ตรวจGOO 24-2-69', JSON_ARRAY('https://www.rungniran.co.th/wp-content/uploads/2026/02/3ฒค-1364-กทม-01.jpg')),
  ('Isuzu', 'D-MAX', 'pickup4', 2019, 610000, 'manual', '2wd', 'diesel', 0, 'เทา', '9กท 4875', 'reserved', 0, 5, 4, '2026-01-09', '2020-01-13', 1, 1, 'D-Max All New Blue Power Cab-4 Hi-Lander 3.0 Ddi ZP เกียร์ ธรรมดา VAT รุ่งนิรันดร์ (8/1/69) ราคาป้ายแดง 955,000 บาท ลดเหลือ 610,000 บาท ผ่อนเริ่มต้น : 11,xxx จำนวน 84 งวด AY : 585 / KL : 657 / TTB: ไม่จัด LGG ตรวจGOO 24-2-69 1.โคราช มะ 25/3/69 (วันชนะ)', JSON_ARRAY('https://www.rungniran.co.th/wp-content/uploads/2026/02/9กท-4875-กทม-01.jpg')),
  ('Honda', 'FORZA350 (NSS350AP 2TH)', 'motorcycle', 2020, 149000, 'auto', '2wd', 'gasoline', 0, NULL, '2กส 8005', 'reserved', 0, 2, 0, '2026-01-12', NULL, 2, 1, 'FORZA350 (NSS350AP 2TH) เกียร์ออโต้ VAT ดีรุ่งเรือง AY.144,200 CIMB.115,500 ราคาเงินสด 149,000 บาท (AY100) ดาวน์ 9,000 (AY) ค่างวด 3,900 ผ่อน 60 งวด 1.ดีรุ่งเรือง ทราย 5/6/69 (วรรณวิภา) 2.ดีรุ่งเรือง ต่อ 13/6/69 (สุพัฒน์) 3.ดีรุ่งเรือง ฟลุ๊ค 19/6/69 (พัฒน์ภูมิ)', JSON_ARRAY('https://www.rungniran.co.th/wp-content/uploads/2026/06/8005.jpg')),
  ('Isuzu', 'D-MAX', 'pickupcab', 2022, 489000, 'manual', '2wd', 'diesel', 0, 'ขาว', '3ฒธ 5731', 'reserved', 0, 4, 2, '2026-01-12', '2022-05-24', 1, 1, 'D-Max All New Blue Power Spacecab 1.9 Ddi S เกียร์ ธรรมดา VAT รุ่งนิรันดร์ (12/1/69) ราคาป้ายแดง 615,000 บาท ลดเหลือ 489,000 บาท ผ่อนเริ่มต้น : 8,xxx จำนวน 84 งวด AY : 440 / KL : 477 / TTB: 455 LZH ตรวจGOO 16-2-69 1.สนญ. ฟิวส์ 14/2/69 (สุกัญญา)', JSON_ARRAY('https://www.rungniran.co.th/wp-content/uploads/2026/02/3ฒธ-5731-กทม-01.jpg')),
  ('Mitsubishi', 'TRITON', 'pickupcab', 2020, 479000, 'auto', '2wd', 'diesel', 0, 'เทา', '3ฒก 635', 'reserved', 0, 4, 2, '2026-01-12', NULL, 4, 1, 'Triton All New Mega Cab 2.4 GT Plus เกียร์ ออโต้ VAT รุ่งนิรันดร์ (9/1/69) ราคาป้ายแดง 834,000 บาท ลดเหลือ 479,000 บาท ผ่อนเริ่มต้น : 8,xxx จำนวน 84 งวด AY : 445 / KL : 418 / TTB: 460 LIZ ตรวจGOO 16-2-69 1.89ดีเวลล์ ส้ม 15/6/69 (ชยพล)', JSON_ARRAY('https://www.rungniran.co.th/wp-content/uploads/2026/02/3ฒก-635-กทม-01.jpg')),
  ('Mitsubishi', 'TRITON', 'pickupcab', 2022, 439000, 'manual', '2wd', 'diesel', 0, 'เทา', 'บย 3576', 'available', 0, 4, 2, '2026-01-19', '2022-03-28', 4, 1, 'Triton All New Mega Cab 2.5 GLX เกียร์ ธรรมดา VAT รุ่งนิรันดร์ (17/1/69) ราคาป้ายแดง 650,000 บาท ลดเหลือ 439,000 บาท ผ่อนเริ่มต้น : 7,xxx จำนวน 84 งวด AY : 410 / KL : 406 / TTB: 395 ETZ ตรวจGoo 10-2-69 1.สนญ. แจ็ค 13/2/69 (ธวัชชัย)', JSON_ARRAY('https://www.rungniran.co.th/wp-content/uploads/2026/02/บย-3576-สระแก้ว-01.jpg')),
  ('Honda', 'JAZZ', 'sedan', 2019, 519000, 'auto', '2wd', 'gasoline', 0, 'ขาว', '9กร 4692', 'reserved', 0, 5, 4, '2026-01-21', '2020-03-12', 1, 1, 'Jazz 1.5 RS+ เกียร์ ออโต้ NOVAT รุ่งนิรันดร์ (20/1/69) ราคาป้ายแดง 754,000 บาท ลดเหลือ 519,000 บาท ผ่อนเริ่มต้น : 8,xxx จำนวน 84 งวด KL : 505 / TTB: 490 / AY : 420 LLA ตรวจGoo 10-2-69 1.โคราช สา 14/2/69 (ธีรภัทร)', JSON_ARRAY('https://www.rungniran.co.th/wp-content/uploads/2026/02/9กร-4692-กทม-01.jpg')),
  ('Isuzu', 'D-MAX', 'pickupcab', 2018, 399000, 'manual', '2wd', 'diesel', 0, 'ขาว', '2ฒต 9785', 'reserved', 0, 4, 2, '2026-01-21', '2018-08-22', 3, 1, 'D-Max All New Blue Power Spacecab 1.9 Ddi S เกียร์ ธรรมดา VAT รุ่งนิรันดร์ (20/1/69) ราคาป้ายแดง 595,000 บาท ลดเหลือ 399,000 บาท ผ่อนเริ่มต้น : 6,xxx จำนวน 84 งวด KL : 376 / TTB: 355 / AY : 305 EAZ ตรวจGOO 11-3-69 1.ดีเวลล์ แคท 12/6/69 (บัญชา)', JSON_ARRAY('https://www.rungniran.co.th/wp-content/uploads/2026/03/2ฒต-9785-กทม-01.jpg')),
  ('Toyota', 'YARIS', 'sedan', 2022, 449000, 'auto', '2wd', 'gasoline', 0, 'ขาว', '2ขบ 2967', 'reserved', 0, 5, 4, '2026-01-22', '2022-07-27', 4, 1, 'Yaris ATIV 1.2 Entry เกียร์ ออโต้ NOVAT รุ่งนิรันดร์ (22/1/69) ราคาป้ายแดง 539,000 บาท ลดเหลือ 449,000 บาท ผ่อนเริ่มต้น : 7,xxx จำนวน 84 งวด KL : 428 / TTB: 380 / AY : 380 EHA ตรวจGOO 2-2-69 1.โคราช สา 19/2/69 (วาสนา) 2.โคราช แพท 23/4/69 (อัญชลี) 3.โคราช ดา 18/5/69 (สุภัทรา)', JSON_ARRAY('https://www.rungniran.co.th/wp-content/uploads/2026/02/2ขบ-2967-กทม-01.jpg')),
  ('Ford', 'RANGER', 'pickupcab', 2018, 419000, 'manual', '2wd', 'diesel', 0, 'ขาว', 'ผฉ 5940', 'available', 0, 4, 2, '2026-01-24', '2019-01-16', 3, 1, 'Ford Ranger All-New Open Cab 2.2 Hi-Rider XLS เกียร์ ธรรมดา VAT รุ่งนิรันดร์ (23/1/69) ราคาป้ายแดง 789,000 บาท ลดเหลือ 419,000 บาท ผ่อนเริ่มต้น : 6,xxx จำนวน 84 งวด TTB: 365 / AY : 340 / KL : ไม่จัด EGE ตรวจGOO 24-2-69', JSON_ARRAY('https://www.rungniran.co.th/wp-content/uploads/2026/02/ผฉ-5940-ระยอง-01.jpg')),
  ('Kawasaki', 'Z900 (ZR900BKFA', 'motorcycle', 2019, 219000, 'manual', '2wd', 'gasoline', 0, NULL, '2กส 7304', 'available', 0, 2, 0, '2026-01-26', NULL, 2, 1, 'Z900 (ZR900BKFA) เกียร์ธรรมดา VAT ดีรุ่งเรือง AY.196,300 เงินสด 219,000 (AY) ฟรีดาวน์ (AY) ผ่อน 5,800 จำนวน 48 งวด', JSON_ARRAY('https://www.rungniran.co.th/wp-content/uploads/2026/02/3609.jpg')),
  ('Toyota', 'VIGO', 'pickupcab', 2014, 329000, 'manual', '2wd', 'diesel', 0, 'ขาว', '3ฒอ 9960', 'available', 0, 4, 2, '2026-02-03', '2014-11-25', 1, 1, 'Toyota Hilux Vigo Champ Smart Cab 2.5 J เกียร์ ธรรมดา VAT รุ่งนิรันดร์ (2/2/69) ราคาป้ายแดง 644,000 บาท ลดเหลือ 329,000 บาท ผ่อนเริ่มต้น : 5,xxx จำนวน 84 งวด AY : 280 / KL : 235 / TTB: 260 ZTH ตรวจGOO 11-3-69', JSON_ARRAY('https://www.rungniran.co.th/wp-content/uploads/2026/03/3ฒอ-9960-กทม-01.jpg')),
  ('Mitsubishi', 'ATTRAGE', 'sedan', 2021, 379000, 'auto', '2wd', 'gasoline', 0, 'ขาว', 'กธ 7460', 'available', 0, 5, 4, '2026-02-03', '2021-10-26', 6, 1, 'Attrage 1.2 Active เกียร์ ออโต้ VAT รุ่งนิรันดร์ (2/2/69) ราคาป้ายแดง 529,000 บาท ลดเหลือ 379,000 บาท ผ่อนเริ่มต้น : 6,xxx จำนวน 84 งวด AY : 315 / KL : 278 / TTB: 325 ELA ตรวจ GOO 17-3-69', JSON_ARRAY('https://www.rungniran.co.th/wp-content/uploads/2026/02/กธ-7460-ศรีสะเกษ-01.jpg')),
  ('Toyota', 'REVO', 'pickupcab', 2022, 579000, 'manual', '2wd', 'diesel', 0, 'ดำ', 'บล 6227', 'available', 0, 4, 2, '2026-02-05', '2023-05-24', 5, 1, 'Toyota Hilux Revo Smart Cab 2.4 Entry Prerunner เกียร์ ธรรมดา VAT รุ่งนิรันดร์ (3/2/69) ราคาป้ายแดง 750,000 บาท ลดเหลือ 579,000 บาท ผ่อนเริ่มต้น : 10,xxx จำนวน 84 งวด AY : 550 / KL : 653 / TTB: 555 SII ตรวจGoo 5-3-69', JSON_ARRAY('https://www.rungniran.co.th/wp-content/uploads/2026/02/บล-6227-ชัยภูมิ-01.jpg')),
  ('Honda', 'FORZA350 (NSS350AP 2TH)', 'motorcycle', 2020, 139000, 'auto', '2wd', 'gasoline', 0, NULL, '2กศ 2881', 'available', 0, 2, 0, '2026-02-06', NULL, 2, 1, 'FORZA350 (NSS350AP 2TH) เกียร์ ออโต้ VAT ดีรุ่งเรือง AY.121,800 CIMB.121,000 ราคาเงินสด 139,000 บาท (CIMB) ดาวน์ 9,000 (CIMB) ค่างวด 4,900 ผ่อน 36 งวด', JSON_ARRAY('https://www.rungniran.co.th/wp-content/uploads/2026/03/2881.jpg')),
  ('Kawasaki', 'NINJA400 (EX400JMFAN)', 'motorcycle', 2019, 129000, 'manual', '2wd', 'gasoline', 0, NULL, '2กส 7977', 'available', 0, 2, 0, '2026-02-06', NULL, 2, 1, 'NINJA400 (EX400JMFAN) เกียร์ ธรรมดา VAT ดีรุ่งเรือง AY.106,300 ราคาเงินสด 129,000 บาท (AY) ดาวน์9,000 (AY) ค่างวด 3,900 / 48งวด', JSON_ARRAY('https://www.rungniran.co.th/wp-content/uploads/2026/03/343.jpg')),
  ('Yamaha', 'X-MAX300 (BKA200)', 'motorcycle', 2023, 169000, 'auto', '2wd', 'gasoline', 0, NULL, '6ขพ 6092', 'reserved', 0, 2, 0, '2026-02-06', NULL, 2, 1, 'X-MAX300 (BKA200) เกียร์ ออโต้ VAT ดีรุ่งเรือง CIMB.142,100 AY.157,600 ราคาเงินสด 169,000 บาท (AY) ฟรีดาวน์ ค่างวด 4,200 ผ่อน 60 งวด 1.ดีรุ่งเรือง ทราย 21/5/69 (บารมี)', JSON_ARRAY('https://www.rungniran.co.th/wp-content/uploads/2026/02/6092-2.jpg')),
  ('Mazda', 'MAZDA2', 'sedan', 2018, 379000, 'auto', '2wd', 'gasoline', 0, 'แดง', 'ขพ 9017', 'available', 0, 5, 4, '2026-02-06', '2018-09-12', 2, 2, 'Mazda 2 1.3 Skyactiv Sports High Plus เกียร์ ออโต้ VAT ดีรุ่งเรือง (6/2/69) ราคาป้ายแดง 670,000 บาท ลดเหลือ 379,000 บาท ผ่อนเริ่มต้น : 6,xxx จำนวน 84 งวด KL : 334 / TTB: 320 / AY : 255 EZH ตรวจ GOO 6-5-69', JSON_ARRAY('https://www.rungniran.co.th/wp-content/uploads/2026/03/ขพ-9017-อุดรธานี-01.jpg')),
  ('Honda', 'JAZZ', 'sedan', 2017, 489000, 'auto', '2wd', 'gasoline', 0, 'ขาว', 'กพ 3011', 'available', 0, 5, 4, '2026-02-10', '2017-04-28', 2, 2, 'Jazz 1.5 SV+ เกียร์ ออโต้ VAT ดีรุ่งเรือง (7/2/69) ราคาป้ายแดง 754,000 บาท ลดเหลือ 489,000 บาท ผ่อนเริ่มต้น : 8,xxx จำนวน 84 งวด KL : 457 / AY : 375 / TTB: 415 LEA ตรวจ GOO 17-3-69', JSON_ARRAY('https://www.rungniran.co.th/wp-content/uploads/2026/03/กพ-3011-ปราจีนบุรี-01.jpg')),
  ('Toyota', 'VIOS', 'sedan', 2021, 469000, 'auto', '2wd', 'gasoline', 0, 'ดำ', '2ขฌ 4273', 'reserved', 0, 5, 4, '2026-02-12', '2021-08-03', 2, 2, 'Vios 1.5 Mid เกียร์ ออโต้ VAT ดีรุ่งเรือง (11/2/69) ราคาป้ายแดง 699,000 บาท ลดเหลือ 469,000 บาท ผ่อนเริ่มต้น : 8,xxx จำนวน 84 งวด AY : 440 / KL : 447 / TTB: 430 LAZ ตรวจGoo 5-3-69 1.ดีรุ่งเรือง ต่อ 15/6/69 (โพธิ์ชัย)', JSON_ARRAY('https://www.rungniran.co.th/wp-content/uploads/2026/02/2ขฌ-4273-กทม-01.jpg')),
  ('Mitsubishi', 'ATTRAGE', 'sedan', 2021, 369000, 'auto', '2wd', 'gasoline', 0, 'ดำ', 'ขง 3858', 'reserved', 0, 5, 4, '2026-02-13', '2021-12-21', 7, 1, 'Attrage 1.2 Active เกียร์ ออโต้ VAT รุ่งนิรันดร์ (13/2/69) ราคาป้ายแดง 529,000 บาท ลดเหลือ 369,000 บาท ผ่อนเริ่มต้น : 6,xxx จำนวน 84 งวด TTB: 325 / AY : 315 / KL : 278 EAG ตรวจGoo 5-3-69 1.โคราช สา 7/6/69 (รังสิมา)', JSON_ARRAY('https://www.rungniran.co.th/wp-content/uploads/2026/03/ขง-3858-พิษณุโลก-01.jpg')),
  ('Kawasaki', 'NINJA400 (EX400JMFAN)', 'motorcycle', 2019, 129000, 'manual', '2wd', 'gasoline', 0, NULL, '1ขฏ 5260', 'available', 0, 2, 0, '2026-02-14', NULL, 2, 1, 'NINJA400 (EX400JMFAN) เกียร์ ธรรมดา VAT ดีรุ่งเรือง AY : 131,900 ราคาเงินสด 129,000 บาท ฟรีดาวน์ ค่างวด 4,300 / 48งวด', JSON_ARRAY('https://www.rungniran.co.th/wp-content/uploads/2026/03/5260.jpg')),
  ('Isuzu', 'D-MAX', 'pickupcab', 2018, 449000, 'manual', '2wd', 'diesel', 0, 'ขาว', 'บห 7914', 'available', 0, 4, 2, '2026-02-14', '2019-01-17', 1, 2, 'D-Max All New Blue Power Spacecab 1.9 Ddi L เกียร์ ธรรมดา VAT ดีรุ่งเรือง (13/2/69) ราคาป้ายแดง 663,000 บาท ลดเหลือ 449,000 บาท ผ่อนเริ่มต้น : 7,xxx จำนวน 84 งวด KL : 425 / AY : 345 / TTB: 395 ETE ตรวจ GOO 17-3-69', JSON_ARRAY('https://www.rungniran.co.th/wp-content/uploads/2026/03/บห-7914-ราชบุรี-01.jpg')),
  ('Honda', 'FORZA350RS (NSS350AP 2TH)', 'motorcycle', 2023, 189000, 'auto', '2wd', 'gasoline', 0, NULL, '4กด 2081', 'available', 0, 2, 0, '2026-02-16', NULL, 2, 1, 'FORZA350RS (NSS350AP 2TH) เกียร์ ออโต้ VAT ดีรุ่งเรือง AY.182,600 CIMB.173,500 ราคาเงินสด 189,000 บาท (CIMB) ดาวน์ 9,000 (CIMB) ค่างวด 5,100 ผ่อน 60 งวด', JSON_ARRAY('https://www.rungniran.co.th/wp-content/uploads/2026/03/2081-2.jpg')),
  ('Toyota', 'REVO', 'pickup4', 2020, 549000, 'auto', '2wd', 'diesel', 0, 'ขาว', '1ขด 9538', 'available', 0, 5, 4, '2026-02-19', '2020-11-03', 5, 1, 'Toyota Hilux Revo Double Cab 2.4 Mid Std Z Edition เกียร์ ออโต้ VAT รุ่งนิรันดร์ (18/2/69) ราคาป้ายแดง 803,000 บาท ลดเหลือ 549,000 บาท ผ่อนเริ่มต้น : 9,xxx จำนวน 84 งวด AY : 530 / KL : 531 / TTB: 490 LbI ตรวจGOO 23-3-69', JSON_ARRAY('https://www.rungniran.co.th/wp-content/uploads/2026/03/1ขด-9538-กทม-01.jpg')),
  ('Honda', '(CBR500RAN TH)', 'motorcycle', 2023, 169000, 'manual', '2wd', 'gasoline', 0, NULL, '2กธ 6446', 'reserved', 0, 2, 0, '2026-02-23', NULL, 2, 1, 'HONDA (CBR500RAN TH) เกียร์ ธรรมดา VAT ดีรุ่งเรือง AY.181,000 CIMB.140,300 ราคา 169,000 บาท (AY) ฟรีดาวน์ (AY) ค่างวด 3,900บาท / 60 งวด 1.ดีรุ่งเรือง ทราย 15/6/69 (ศักดิ์ดา)', JSON_ARRAY('https://www.rungniran.co.th/wp-content/uploads/2026/03/6446.jpg')),
  ('Ford', 'RANGER', 'pickupcab', 2018, 399000, 'manual', '2wd', 'diesel', 0, 'ดำ', '2ฒท 314', 'reserved', 0, 4, 2, '2026-02-23', '2018-09-18', 8, 3, 'Ford Ranger Open Cab 2.2 Hi-Rider XLS เกียร์ธรรมดา VAT ดีเวลล์ (20/2/69) ELT ราคาป้ายแดง 699,000 บาท ลดเหลือ 399,000 บาท ผ่อนเริ่มต้น : 6,xxx จำนวน 84 งวด AY : 340 / TTB: 345 / KL : ไม่จัด 1.ดีเวลล์ โคราช 2/5/69 (กัญญารัตน์) 2.89ดีเวลล์ ส้ม 3/6/69 (นัฐวัฒน์)', JSON_ARRAY('https://www.rungniran.co.th/wp-content/uploads/2026/03/2ฒท-314-กทม-01.jpg')),
  ('Ford', 'RANGER', 'pickupcab', 2017, 389000, 'manual', '2wd', 'diesel', 0, 'ดำ', 'ผย 5986', 'reserved', 0, 4, 2, '2026-02-24', '2018-02-01', 1, 3, 'Ford Ranger Open Cab 2.2 Hi-Rider XLS เกียร์ธรรมดา VAT ดีเวลล์ (23/2/69) ETL ราคาป้ายแดง 699,000 บาท ลดเหลือ 389,000บาท ผ่อนเริ่มต้น : 6,xxx จำนวน 84 งวด TTB: 345 / AY : 310 / KL : ไม่จัด ตรวจ GOO 17-3-69 1.89ดีเวลล์ ส้ม 15/6/69 (เกรียงไกร)', JSON_ARRAY('https://www.rungniran.co.th/wp-content/uploads/2026/03/บห-1146-พิษณุโลก-01.jpg')),
  ('Mitsubishi', 'TRITON', 'pickupcab', 2018, 379000, 'manual', '2wd', 'diesel', 0, 'ดำ', '3ฒล 2690', 'available', 0, 4, 2, '2026-02-24', '2018-09-25', 6, 1, 'Triton All New Mega Cab 2.5 GLX เกียร์ ธรรมดา VAT รุ่งนิรันดร์ (23/2/69) ราคาป้ายแดง 621,000 บาท ลดเหลือ 379,000 บาท ผ่อนเริ่มต้น : 6,xxx จำนวน 84 งวด TTB: 315 / AY : 295 / KL : 286 ELA ตรวจGOO 23-3-69', JSON_ARRAY('https://www.rungniran.co.th/wp-content/uploads/2026/03/3ฒล-2690-กทม-01.jpg')),
  ('Mitsubishi', 'TRITON', 'pickupcab', 2022, 439000, 'manual', '2wd', 'diesel', 0, 'ดำ', 'ผธ 9340', 'available', 0, 4, 2, '2026-02-24', '2023-04-03', 4, 1, 'Triton All New Mega Cab 2.5 GLX เกียร์ ธรรมดา VAT รุ่งนิรันดร์ (23/2/69) ราคาป้ายแดง 650,000 บาท ลดเหลือ 439,000 บาท ผ่อนเริ่มต้น : 7,xxx จำนวน 84 งวด AY : 410 / KL : 382 / TTB: 405 EHA ตรวจGOO 30-3-69', JSON_ARRAY('https://www.rungniran.co.th/wp-content/uploads/2026/03/ผธ-9340-ระยอง-01.jpg')),
  ('Toyota', 'REVO', 'pickupcab', 2020, 579000, 'auto', '2wd', 'diesel', 0, 'เทา', '3ฒข 1654', 'available', 0, 4, 2, '2026-02-24', '2020-08-24', 4, 1, 'Toyota Hilux Revo Smart Cab 2.4 Mid Prerunner เกียร์ ออโต้ VAT รุ่งนิรันดร์ (23/2/69) ราคาป้ายแดง 837,000 บาท ลดเหลือ 579,000 บาท ผ่อนเริ่มต้น : 10,xxx จำนวน 84 งวด AY : 550 / KL : 564 / TTB: 520 LGH ตรวจGOO 11-3-69 L ตรวจ 1-2 car 25-3-69', JSON_ARRAY('https://www.rungniran.co.th/wp-content/uploads/2026/03/3ฒข-1654-กทม-01.jpg')),
  ('Toyota', 'REVO', 'pickup4', 2018, 619000, 'manual', '2wd', 'diesel', 0, 'ดำ', 'ขอ 7339', 'available', 0, 5, 4, '2026-02-26', '2018-11-26', 8, 3, 'Revo Double Cab 2.4 G Prerunner Navi Rocco เกียร์ธรรมดา VAT ดีเวลล์ (25/2/69) STL ราคาป้ายแดง 949,000 บาท ลดเหลือ 619,000 บาท ผ่อนเริ่มต้น : 11,xxx จำนวน 84 งวด AY : 565 / KL : 605 / TTB: 605 ตรวจ GOO 17-3-69', JSON_ARRAY('https://www.rungniran.co.th/wp-content/uploads/2026/03/ขอ-7339-ขอนแก่น-01.jpg')),
  ('Toyota', 'YARIS', 'sedan', 2022, 479000, 'auto', '2wd', 'gasoline', 0, 'ขาว', 'งต 8129', 'available', 0, 5, 4, '2026-03-04', '2022-11-28', 1, 3, 'Yaris ATIV 1.2 Smart เกียร์ ออโต้ VAT ดีเวลล์ (27/2/69) ราคาป้ายแดง 584,000 บาท ลดเหลือ 479,000 บาท ผ่อนเริ่มต้น : 8,xxx จำนวน 84 งวด KL : 476 / TTB: 475 / AY : ไม่จัด ZZZ', JSON_ARRAY('https://www.rungniran.co.th/wp-content/uploads/2026/03/8129.jpg')),
  ('Toyota', 'REVO', 'pickup4', 2020, 499000, 'manual', '2wd', 'diesel', 0, 'เทา', '1ขท 5372', 'reserved', 0, 5, 4, '2026-03-04', '2020-11-25', 1, 1, 'Toyota Hilux Revo Double Cab 2.4 Entry Z Edition เกียร์ ธรรมดา VAT รุ่งนิรันดร์ (28/2/69) ราคาป้ายแดง 699,000 บาท ลดเหลือ 499,000 บาท ผ่อนเริ่มต้น : 8,xxx จำนวน 84 งวด KL : 474 / AY : 445 / TTB: 465 LSA ตรวจGOO 23-3-69 1.สนญ. เจน 2/6/69 (ธงชัย) 2.89ดีเวลล์ โบว์ 17/6/69 (ศรีไพร)', JSON_ARRAY('https://www.rungniran.co.th/wp-content/uploads/2026/03/1ขท-5372-กทม-01.jpg')),
  ('Toyota', 'REVO', 'pickupcab', 2020, 529000, 'auto', '2wd', 'diesel', 0, 'ขาว', '3ฒง 461', 'available', 0, 4, 2, '2026-03-04', '2020-12-14', 1, 1, 'Toyota Hilux Revo Smart Cab 2.4 Mid Z Edition เกียร์ ออโต้ VAT รุ่งนิรันดร์ (27/2/69) ราคาป้ายแดง 743,000 บาท ลดเหลือ 529,000 บาท ผ่อนเริ่มต้น : 8,xxx จำนวน 84 งวด AY : 495 / KL : 521 / TTB: 460 LSZ ตรวจGOO 23-3-69', JSON_ARRAY('https://www.rungniran.co.th/wp-content/uploads/2026/03/3ฒง-461-กทม-01.jpg')),
  ('Toyota', 'REVO', 'pickupcab', 2022, 479000, 'manual', '2wd', 'diesel', 0, 'ขาว', '3ฒย 7602', 'reserved', 0, 4, 2, '2026-03-04', '2023-02-10', 1, 1, 'Toyota Hilux Revo Smart Cab 2.4 Entry Z Edition เกียร์ ธรรมดา VAT รุ่งนิรันดร์ (27/2/69) ราคาป้ายแดง 629,000 บาท ลดเหลือ 479,000 บาท ผ่อนเริ่มต้น : 8,xxx จำนวน 84 งวด AY : 450 / KL : 435 / TTB: 445 LST ตรวจGOO 23-3-69 1.สนญ. แซ็ก 29/4/69 (สุรพงษ์)', JSON_ARRAY('https://www.rungniran.co.th/wp-content/uploads/2026/03/3ฒย-7602-กทม-01.jpg')),
  ('Benelli', 'TRK502X (BT502X-20)', 'motorcycle', 2022, 179000, 'manual', '2wd', 'gasoline', 0, NULL, '1กพ 501', 'reserved', 0, 2, 0, '2026-03-05', NULL, 2, 1, 'BENELLI TRK502X (BT502X-20) เกียร์ ธรรมดา VAT ดีรุ่งเรือง AY.172,700 เงินสด 179,000 ดาวน์ 9,000 ผ่อน 4,900 / 60 งวด 1.ดีรุ่งเรือง ทราย 28/5/69 (สาริน)', JSON_ARRAY('https://www.rungniran.co.th/wp-content/uploads/2026/03/501.jpg')),
  ('Honda', '(CBR500RAN TH)', 'motorcycle', 2022, 149000, 'manual', '2wd', 'gasoline', 0, NULL, '2กฒ 6622', 'reserved', 0, 2, 0, '2026-03-05', NULL, 2, 1, 'HONDA (CBR500RAN TH) เกียร์ ธรรมดา VAT ดีรุ่งเรือง AY.157,000 CIMB.140,300 ราคา 149,000 บาท (AY) ฟรีดาวน์ ค่างวด 4,700 บาท / 60 งวด 1.ดีรุ่งเรือง ต่อ 9/6/69 (อรุณรัตน์)', JSON_ARRAY('https://www.rungniran.co.th/wp-content/uploads/2026/03/6622.jpg')),
  ('Isuzu', 'D-MAX', 'pickupcab', 2015, 369000, 'manual', '2wd', 'diesel', 0, 'ดำ', 'บล 6896', 'reserved', 0, 4, 2, '2026-03-06', '2015-06-23', 1, 1, 'D-Max All New Spacecab 2.5 L (Super Daylight) เกียร์ ธรรมดา NOVAT รุ่งนิรันดร์ (6/3/69) ราคาป้ายแดง 646,000 บาท ลดเหลือ 369,000 บาท ผ่อนเริ่มต้น : 6,xxx จำนวน 84 งวด KL : 334 / AY : 290 / TTB: 320 EZI 1.โคราช ออย 14/6/69 (คำสันต์)', JSON_ARRAY('https://www.rungniran.co.th/wp-content/uploads/2026/03/บล-6896-ฉะเชิงเทรา-01.jpg')),
  ('Isuzu', 'D-MAX', 'pickupcab', 2020, 449000, 'manual', '2wd', 'diesel', 0, 'เทา', 'ผย 5166', 'reserved', 0, 4, 2, '2026-03-06', '2020-06-16', 3, 1, 'D-Max All New Blue Power Spacecab 1.9 Ddi S เกียร์ ธรรมดา NOVAT รุ่งนิรันดร์ (6/3/69) ราคาป้ายแดง 605,000 บาท ลดเหลือ 449,000 บาท ผ่อนเริ่มต้น : 7,xxx จำนวน 84 งวด TTB: 425 / KL : 399 / AY : 375 EGE ตรวจGOO 23-3-69 1.สกลฯ ดล 25/5/69 (ลาวัลย์) 2.สกลฯ เปิ้ล 9/6/69 (นันทวัฒน์)', JSON_ARRAY('https://www.rungniran.co.th/wp-content/uploads/2026/03/ผย-5166-อุดรธานี-01.jpg')),
  ('Isuzu', 'D-MAX', 'pickupcab', 2023, 589000, 'manual', '2wd', 'diesel', 0, 'ขาว', '3ฒษ 3482', 'available', 0, 4, 2, '2026-03-09', '2023-08-23', 1, 1, 'D-Max All New Blue Power Spacecab 1.9 Ddi L เกียร์ ธรรมดา VAT รุ่งนิรันดร์ (7/3/69) ราคาป้ายแดง 713,000 บาท ลดเหลือ 589,000 บาท ผ่อนเริ่มต้น : 10,xxx จำนวน 84 งวด TTB: 565 / AY : 530 / KL : 559 SEZ ตรวจGOO 7-4-69', JSON_ARRAY('https://www.rungniran.co.th/wp-content/uploads/2026/03/3ฒษ-3482-กทม-01.jpg')),
  ('Ford', 'RANGER', 'pickupcab', 2018, 409000, 'manual', '2wd', 'diesel', 0, 'ขาว', 'ผย 6053', 'available', 0, 4, 2, '2026-03-10', '2018-07-24', 3, 1, 'Ford Ranger All-New Open Cab 2.2 Hi-Rider XLT เกียร์ ธรรมดา VAT รุ่งนิรันดร์ (9/3/69) ราคาป้ายแดง 749,000 บาท ลดเหลือ 409,000 บาท ผ่อนเริ่มต้น : 6,xxx จำนวน 84 งวด AY : 360 / TTB: 365 / KL : ไม่จัด ESL ตรวจ GOO 20-4-69', JSON_ARRAY('https://www.rungniran.co.th/wp-content/uploads/2026/04/2ฒต-2888-กทม-01.jpg')),
  ('Toyota', 'ALTIS', 'sedan', 2018, 439000, 'auto', '2wd', 'gasoline', 0, 'ขาว', '7กฏ 2088', 'available', 0, 5, 4, '2026-03-10', '2018-03-20', 6, 1, 'Corolla Altis 1.6 G เกียร์ ออโต้ VAT รุ่งนิรันดร์ (9/3/69) ราคาป้ายแดง 869,000 บาท ลดเหลือ 439,000 บาท ผ่อนเริ่มต้น : 7,xxx จำนวน 84 งวด AY : 400 / KL : 410 / TTB: 410 EGZ ตรวจ GOO 6-5-69', JSON_ARRAY('https://www.rungniran.co.th/wp-content/uploads/2026/05/7กฎ-2088-กทม-01.jpg')),
  ('Yamaha', 'X-MAX300 (BKA200)', 'motorcycle', 2023, 169000, 'auto', '2wd', 'gasoline', 0, NULL, '7ขส 191', 'available', 0, 2, 0, '2026-03-11', NULL, 2, 1, 'X-MAX300 (BKA200) เกียร์ ออโต้ VAT ดีรุ่งเรือง CIMB.142,100 AY.157,600 ราคาเงินสด 169,000 บาท (CIMB) ฟรีดาวน์ (AY) ค่างวด 4,200 ผ่อน 60 งวด', JSON_ARRAY('https://www.rungniran.co.th/wp-content/uploads/2026/03/191-3.jpg')),
  ('Toyota', 'REVO', 'pickupcab', 2020, 529000, 'auto', '2wd', 'diesel', 0, 'ขาว', 'ผย 5988', 'available', 0, 4, 2, '2026-03-11', '2020-12-01', 4, 1, 'Toyota Hilux Revo Smart Cab 2.4 Mid Z Edition เกียร์ ออโต้ VAT รุ่งนิรันดร์ (24/2/69) ราคาป้ายแดง 743,000 บาท ลดเหลือ 529,000 บาท ผ่อนเริ่มต้น : 8,xxx จำนวน 84 งวด AY : 495 / KL : 521 / TTB: 460 LSZ ตรวจGOO 23-3-69', JSON_ARRAY('https://www.rungniran.co.th/wp-content/uploads/2026/03/3ฒฆ-7876-กทม-01.jpg')),
  ('Nissan', 'ALMERA', 'sedan', 2022, 429000, 'auto', '2wd', 'gasoline', 0, 'เทา', 'ขม 1392', 'available', 0, 5, 4, '2026-03-12', '2022-11-02', 6, 1, 'Almera Turbo 1.0 EL เกียร์ ออโต้ VAT รุ่งนิรันดร์ (11/3/69) ราคาป้ายแดง 565,000 บาท ลดเหลือ 429,000 บาท ผ่อนเริ่มต้น : 6,xxx จำนวน 84 งวด TTB: 375 / KL : 353 / AY : 275 ETT ตรวจGOO 30-3-69', JSON_ARRAY('https://www.rungniran.co.th/wp-content/uploads/2026/03/3ขธ-5019-กทม-01.jpg')),
  ('Toyota', 'REVO', 'pickupcab', 2020, 489000, 'manual', '2wd', 'diesel', 0, 'ขาว', '3ฒจ 9468', 'available', 0, 4, 2, '2026-03-12', '2021-02-24', 4, 1, 'Toyota Hilux Revo Smart Cab 2.4 Mid Z Edition เกียร์ ธรรมดา VAT รุ่งนิรันดร์ (11/3/69) ราคาป้ายแดง 693,000 บาท ลดเหลือ 489,000 บาท ผ่อนเริ่มต้น : 8,xxx จำนวน 84 งวด AY : 455 / KL : 461 / TTB: 440 Lbb ตรวจGOO 30-3-69', JSON_ARRAY('https://www.rungniran.co.th/wp-content/uploads/2026/03/3ฒจ-9468-กทม-01.jpg')),
  ('Honda', 'CB500X(CB500XAK TH)', 'motorcycle', 2019, 139000, 'manual', '2wd', 'gasoline', 0, NULL, '2ขง 1982', 'available', 0, 2, 0, '2026-03-17', NULL, 2, 1, 'CB500X(CB500XAK TH) เกียร์ ธรรมดา VAT ดีรุ่งเรือง AY.97,100 เงินสด 139,000 ดาวน์19,000 (AY) ผ่อน 3,200 / 48 งวด', JSON_ARRAY('https://www.rungniran.co.th/wp-content/uploads/2026/03/1928.jpg')),
  ('Isuzu', 'D-MAX', 'pickupcab', 2021, 539000, 'manual', '2wd', 'diesel', 0, 'เทา', '3ฒญ 4794', 'reserved', 0, 4, 2, '2026-03-17', '2021-07-22', 4, 1, 'D-Max All New Blue Power Spacecab Hi-Lander 1.9 Ddi L DA เกียร์ ธรรมดา NOVAT รุ่งนิรันดร์ (16/3/69) ราคาป้ายแดง 728,000 บาท ลดเหลือ 539,000 บาท ผ่อนเริ่มต้น : 9,xxx จำนวน 84 งวด TTB: 515 / AY : 470 / KL : 493 LHZ ตรวจGOO 7-4-69 1.โคราช เหมียว 4/6/69 (พงษ์เทพ)', JSON_ARRAY('https://www.rungniran.co.th/wp-content/uploads/2026/04/3ฒญ-4794-กทม-01.jpg')),
  ('Isuzu', 'D-MAX', 'pickupcab', 2019, 519000, 'manual', '2wd', 'diesel', 0, 'ขาว', 'ผษ 1201', 'available', 0, 4, 2, '2026-03-17', '2019-05-28', 3, 1, 'D-Max All New Blue Power Spacecab Hi-Lander 1.9 Ddi Z-Prestige Stealth เกียร์ ธรรมดา VAT รุ่งนิรันดร์ (14/3/69) ราคาป้ายแดง 854,000 บาท ลดเหลือ 519,000 บาท ผ่อนเริ่มต้น : 8,xxx จำนวน 84 งวด KL : 542 / AY : 480 / TTB: 455 LEG ตรวจ GOO 20-4-69', JSON_ARRAY('https://www.rungniran.co.th/wp-content/uploads/2026/04/ผษ-1201-ขอนแก่น-01.jpg')),
  ('Toyota', 'REVO', 'pickupcab', 2021, 449000, 'manual', '2wd', 'diesel', 0, 'ดำ', 'บล 2501', 'available', 0, 4, 2, '2026-03-17', '2021-07-27', 4, 1, 'Toyota Hilux Revo Smart Cab 2.4 Entry Z Edition เกียร์ ธรรมดา VAT รุ่งนิรันดร์ (14/3/69) ราคาป้ายแดง 619,000 บาท ลดเหลือ 449,000 บาท ผ่อนเริ่มต้น : 7,xxx จำนวน 84 งวด AY : 405 / KL : 417 / TTB: 410 EZI ตรวจGOO 27/4/69', JSON_ARRAY('https://www.rungniran.co.th/wp-content/uploads/2026/04/บล-2501-ชุมพร-01.jpg')),
  ('Mitsubishi', 'ATTRAGE', 'sedan', 2016, 269000, 'auto', '2wd', 'gasoline', 0, 'ดำ', 'กบ 9194', 'reserved', 0, 5, 4, '2026-03-19', '2016-06-21', 4, 2, 'Attrage 1.2 GLX เกียร์ ออโต้ VAT ดีรุ่งเรือง (17/3/69) ราคาป้ายแดง 490,000 บาท ลดเหลือ 269,000 บาท ผ่อนเริ่มต้น : 4,xxx จำนวน 84 งวด AY : 185 / KL : 162 / TTB: 170 ZEZ ตรวจ GOO 11-5-69 1.โคราช ก๊อต 9/6/69 (วาสนา)', JSON_ARRAY('https://www.rungniran.co.th/wp-content/uploads/2026/03/กบ-9194-กำแพงเพชร-01.jpg')),
  ('Isuzu', 'D-MAX', 'pickupcab', 2024, 649000, 'manual', '2wd', 'diesel', 0, 'ดำ', 'ผท 4624', 'available', 0, 4, 2, '2026-03-19', '2025-04-09', 2, 2, 'D-Max All New Blue Power Spacecab 1.9 Ddi Speed X-series เกียร์ ธรรมดา VAT ดีรุ่งเรือง (16/3/69) ราคาป้ายแดง 763,000 บาท ลดเหลือ 649,000 บาท ผ่อนเริ่มต้น : 11,xxx จำนวน 84 งวด KL : 639 / TTB: 635 / AY : 565 SGZ ตรวจGOO 7-4-69', JSON_ARRAY('https://www.rungniran.co.th/wp-content/uploads/2026/04/ผท-4624-นครสวรรค์-01.jpg')),
  ('Nissan', 'ALMERA', 'sedan', 2023, 449000, 'auto', '2wd', 'gasoline', 0, 'เทา', 'ขท 8442', 'available', 0, 5, 4, '2026-03-19', '2023-12-25', 2, 2, 'Almera Turbo 1.0 EL เกียร์ ออโต้ VAT ดีรุ่งเรือง (17/3/69) ราคาป้ายแดง 589,000 บาท ลดเหลือ 449,000 บาท ผ่อนเริ่มต้น : 7,xxx จำนวน 84 งวด TTB: 420 / AY : 300 / KL : 391 EGG ตรวจGOO 7-4-69', JSON_ARRAY('https://www.rungniran.co.th/wp-content/uploads/2026/03/ขท-8442-อุดรธานี-01.jpg')),
  ('Isuzu', 'D-MAX', 'pickupcab', 2022, 549000, 'manual', '2wd', 'diesel', 0, 'ขาว', 'ยบ 8650', 'reserved', 0, 4, 2, '2026-03-19', '2023-03-16', 3, 1, 'D-Max All New Blue Power Spacecab 1.9 Ddi L DA เกียร์ ธรรมดา VAT รุ่งนิรันดร์ (17/3/69) ราคาป้ายแดง 698,000 บาท ลดเหลือ 549,000 บาท ผ่อนเริ่มต้น : 9xxx จำนวน 84 งวด KL : 545 / TTB: 550 / AY : 510 LbS ตรวจ GOO 28-4-69 1.สกลฯ ดล 4/6/69 (รุ่งทิวา)', JSON_ARRAY('https://www.rungniran.co.th/wp-content/uploads/2026/04/ยบ-8650-นครราชสีมา-01.jpg')),
  ('Mitsubishi', 'TRITON', 'pickupcab', 2018, 369000, 'manual', '2wd', 'diesel', 0, 'ดำ', 'บว 454', 'reserved', 0, 4, 2, '2026-03-19', '2019-04-10', 3, 1, 'Triton All New Mega Cab 2.5 GLX เกียร์ ธรรมดา VAT รุ่งนิรันดร์ (17/3/69) ราคาป้ายแดง 621,000 บาท ลดเหลือ 369,000 บาท ผ่อนเริ่มต้น : 6,xxx จำนวน 84 งวด TTB: 315 / AY : 290 / KL : 286 EIZ ตรวจGOO 27-4-69 1.สดลฯ เปิ้ล 14/5/69 (ปิยะดา)', JSON_ARRAY('https://www.rungniran.co.th/wp-content/uploads/2026/04/บว-454-สุรินทร์-01.jpg')),
  ('Nissan', 'NAVARA', 'pickupcab', 2022, 429000, 'manual', '2wd', 'diesel', 0, 'ดำ', 'ยฉ 1158', 'available', 0, 4, 2, '2026-03-19', '2022-09-13', 1, 1, 'Navara King Cab 2.5 SL เกียร์ ธรรมดา VAT รุ่งนิรันดร์ (17/3/69) ราคาป้ายแดง 649,000 บาท ลดเหลือ 429,000 บาท ผ่อนเริ่มต้น : 7,xxx จำนวน 84 งวด KL : 383 / AY : 335 / TTB: 365 EHZ ตรวจGOO 7-4-69', JSON_ARRAY('https://www.rungniran.co.th/wp-content/uploads/2026/04/ยฉ-1158-ชลบุรี-01.jpg')),
  ('Nissan', 'NOTE', 'sedan', 2021, 399000, 'auto', '2wd', 'gasoline', 0, 'ขาว', '2ขพ 6316', 'available', 0, 5, 4, '2026-03-19', '2022-02-15', 1, 1, 'Note 1.2 V เกียร์ ออโต้ VAT รุ่งนิรันดร์ (17/3/69) ราคาป้ายแดง 565,000 บาท ลดเหลือ 399,000 บาท ผ่อนเริ่มต้น : 6,xxx จำนวน 84 งวด TTB: 345 / AY : 200 / KL : 312 ESI ตรวจGOO 7-4-69', JSON_ARRAY('https://www.rungniran.co.th/wp-content/uploads/2026/03/2ขพ-6316-กทม-01.jpg')),
  ('Toyota', 'FORTUNER', 'suv', 2018, 919000, 'auto', '4wd', 'diesel', 0, 'ขาว', 'กท 290', 'available', 0, 7, 4, '2026-03-19', '2018-09-25', 1, 1, 'Fortuner 2.4 V 4WD เกียร์ ออโต้ NOVAT รุ่งนิรันดร์ (18/3/69) ราคาป้ายแดง 1,499,000 บาท ลดเหลือ 919,000 บาท ผ่อนเริ่มต้น : 16,xxx จำนวน 84 งวด KL : 931 / TTB: 900 / AY : 825 HLb ตรวจGOO 7-4-69', JSON_ARRAY('https://www.rungniran.co.th/wp-content/uploads/2026/04/กท-290-ประจวบคีรีขันธ์-01.jpg')),
  ('Toyota', 'REVO', 'pickupcab', 2018, 489000, 'auto', '2wd', 'diesel', 0, 'เทา', 'ผพ 7009', 'reserved', 0, 4, 2, '2026-03-20', '2018-08-28', 1, 1, 'Toyota Hilux Revo Smart Cab 2.4 E Prerunner เกียร์ ออโต้ NOVAT รุ่งนิรันดร์ (20/3/69) ราคาป้ายแดง 779,000 บาท ลดเหลือ 489,000 บาท ผ่อนเริ่มต้น : 8,xxx จำนวน 84 งวด KL : 450 / TTB: 450 / AY : 425 EHA ตรวจ GOO 20-4-69 1.สนญ. เบนซ์ 19/5/69 (ศุภณัฐ)', JSON_ARRAY('https://www.rungniran.co.th/wp-content/uploads/2026/04/ผพ-7009-อุดรธานี-01.jpg')),
  ('Toyota', 'REVO', 'pickup4', 2022, 739000, 'auto', '2wd', 'diesel', 0, 'ขาว', '2ขศ 2337', 'available', 0, 5, 4, '2026-03-23', '2022-03-22', 2, 2, 'Toyota Hilux Revo Double Cab 2.4 Mid Prerunner เกียร์ ออโต้ VAT ดีรุ่งเรือง (20/3/69) ราคาป้ายแดง 941,000 บาท ลดเหลือ 739,000 บาท ผ่อนเริ่มต้น : 12,xxx จำนวน 84 งวด KL : 746 / TTB: 725 / AY : 660 bZT ตรวจGOO 16-6-69', JSON_ARRAY('https://www.rungniran.co.th/wp-content/uploads/2026/06/2ขศ-2337-กทม-01.jpg')),
  ('Toyota', 'REVO', 'pickupcab', 2020, 489000, 'manual', '2wd', 'diesel', 0, 'ขาว', '3ฒง 7380', 'available', 0, 4, 2, '2026-03-23', '2021-01-13', 3, 1, 'Toyota Hilux Revo Smart Cab 2.4 Mid Z Edition เกียร์ ธรรมดา VAT รุ่งนิรันดร์ (20/3/69) ราคาป้ายแดง 693,000 บาท ลดเหลือ 489,000 บาท ผ่อนเริ่มต้น : 8,xxx จำนวน 84 งวด AY : 455 / KL : 461 / TTB: 440 LIZ ตรวจ GOO 28-4-69', JSON_ARRAY('https://www.rungniran.co.th/wp-content/uploads/2026/04/3ฒง-7380-กทม-01.jpg')),
  ('Ford', 'RANGER', 'pickupcab', 2018, 369000, 'manual', '2wd', 'diesel', 0, 'ดำ', 'บล 2558', 'reserved', 0, 4, 2, '2026-03-24', '2018-07-05', 8, 3, 'Ford Ranger All-New Open Cab 2.2 XLS เกียร์ ธรรมดา NOVAT ดีเวลล์ (23/3/69) ราคาป้ายแดง 659,000 บาท ลดเหลือ 369,000 บาท ผ่อนเริ่มต้น : 6,xxx จำนวน 84 งวด TTB: 335 / AY : 310 / KL : ไม่จัด ZSI ตรวจ GOO 6-5-69 (A) 1.ดีเวลล์ กวาง 6/6/69 (สุวัฒน์) 2.89ดีเวลล์ หมี 16/6/69 (ญะรินทร์พรรณ)', JSON_ARRAY('https://www.rungniran.co.th/wp-content/uploads/2026/05/บล-2558-ศรีสะเกษ-01.jpg')),
  ('NETA', 'NETA V', 'eco', 2023, 279000, 'auto', '2wd', 'ev', 0, 'ขาว', 'ขล 1267', 'available', 0, 5, 4, '2026-03-24', '2024-01-16', 8, 3, 'Neta V เกียร์ออโต้ VAT ดีเวลล์ ZHb ราคาป้ายแดง 549,000 บาท ลดเหลือ 279,000 บาท ไม่บวก รับประกันตัวรถ : ตัวรถ 5ปี/150,000 กม. นับที่เหลือ รับประกันมอเตอร์และแบตเตอรี่ EV : 8ปี / 180,000 กม. นับที่เหลือ ไม่มีรับประกันทางบริษัทเพราะมีวารันตีศูนย์ ขายเงินสดเท่านั้น', JSON_ARRAY('https://www.rungniran.co.th/wp-content/uploads/2026/04/ขล-1267-ระยอง-01.jpg')),
  ('Honda', 'CITY', 'sedan', 2023, 569000, 'auto', '2wd', 'gasoline', 0, 'เทา', '1ขฌ 3856', 'reserved', 0, 5, 4, '2026-03-24', '2023-05-22', 1, 1, 'City Turbo 1.0 SV (Hatchback) เกียร์ ออโต้ NOVAT รุ่งนิรันดร์ (23/3/69) ราคาป้ายแดง 675,000 บาท ลดเหลือ 569,000 บาท ผ่อนเริ่มต้น : 9,xxx จำนวน 84 งวด KL : 525 / TTB: 515 / AY : 450 LGH ตรวจGOO 7-4-69 1.สนญ.ฟิวส์ 1/4/69 (ศุภกร)', JSON_ARRAY('https://www.rungniran.co.th/wp-content/uploads/2026/04/4ขฌ-3856-กทม-01.jpg')),
  ('Honda', 'CITY', 'sedan', 2021, 509000, 'auto', '2wd', 'gasoline', 0, 'ดำ', 'ขม 1951', 'reserved', 0, 5, 4, '2026-03-25', '2021-05-13', 1, 1, 'City Turbo 1.0 SV เกียร์ ออโต้ VAT รุ่งนิรันดร์ (17/5/67) ราคาป้ายแดง 665,000 บาท ลดเหลือ 509,000 บาท **ไม่ให้ป้ายทะเบียน** ผ่อนเริ่มต้น : 8,xxx จำนวน 84 งวด KL : 482 / TTB: 470 / AY : 450 LHL ตรวจGOO 7-4-69 1.สนญ. เจน 14/6/69 (สุภาพร)', JSON_ARRAY('https://www.rungniran.co.th/wp-content/uploads/2026/03/กร-8448-อุดรธานี-01.png')),
  ('NETA', 'NETA V', 'eco', 2022, 2490000, 'auto', '2wd', 'ev', 0, 'ขาว', '3ขษ 8166', 'available', 0, 5, 4, '2026-03-26', '2023-02-07', 2, 2, 'NETA V เกียร์ออโต้ VAT ดีรุ่งเรือง (25/3/69) ราคา 249,000 บาท ไม่บวก รับประกันตัวรถ : ตัวรถ 5ปี/150,000 กม. นับที่เหลือ รับประกันมอเตอร์และแบตเตอรี่ EV : 8ปี / 180,000 กม. นับที่เหลือ ไม่มีรับประกันทางบริษัทเพราะมีวารันตีศูนย์ ขายเงินสดเท่านั้น ZHG', JSON_ARRAY('https://www.rungniran.co.th/wp-content/uploads/2026/05/3ขษ-8166-กทม-01.jpg')),
  ('Nissan', 'MARCH', 'sedan', 2012, 149000, 'auto', '2wd', 'gasoline', 0, 'ดำ', '1กฏ 4578', 'available', 0, 5, 4, '2026-03-26', '2012-12-04', 8, 3, 'March 1.2 EL เกียร์ออโต้ VAT ดีเวลล์ IHL ราคาป้ายแดง 489,000 บาท ลดเหลือ 149,000 บาท ไม่เพิ่ม ผ่อนเริ่มต้น : 3,xxx จำนวน 84 งวด AY : ไม่รับจัด / KL : 119 / TTB : 95', JSON_ARRAY('https://www.rungniran.co.th/wp-content/uploads/2026/05/1กฎ-4578-กทม-01.jpg')),
  ('Ford', 'RANGER', 'pickupcab', 2019, 389000, 'manual', '2wd', 'diesel', 0, 'ดำ', 'ผบ 1855', 'reserved', 0, 4, 2, '2026-03-26', '2019-11-25', 3, 1, 'Ford Ranger All-New Open Cab 2.2 XLS เกียร์ ธรรมดา VAT รุ่งนิรันดร์ (26/3/69) ราคาป้ายแดง 659,000 บาท ลดเหลือ 389,000 บาท ผ่อนเริ่มต้น : 6,xxx จำนวน 84 งวด TTB: 355 / AY : 320 / KL : ไม่จัด EEH ตรวจ GOO 20-4-69 1.89ดีเวลล์ ส้ม 17/6/69 (กฤษณะ)', JSON_ARRAY('https://www.rungniran.co.th/wp-content/uploads/2026/04/ผบ-1855-อุดรธานี-01.jpg')),
  ('Toyota', 'YARIS', 'sedan', 2023, 509000, 'auto', '2wd', 'gasoline', 0, 'ขาว', '4ขก 1486', 'available', 0, 5, 4, '2026-03-26', '2023-03-13', 3, 1, 'Yaris ATIV 1.2 Sport เกียร์ ออโต้ VAT รุ่งนิรันดร์ (25/3/69) ราคาป้ายแดง 549,000 บาท ลดเหลือ 509,000 บาท ผ่อนเริ่มต้น : 8,xxx จำนวน 84 งวด KL : 463 / TTB: 450 / AY : 400 Lbb ตรวจ GOO 20-4-69', JSON_ARRAY('https://www.rungniran.co.th/wp-content/uploads/2026/04/4ขก-1486-กทม-01.jpg')),
  ('Yamaha', 'X-MAX300 (BKA200)', 'motorcycle', 2026, 179000, 'auto', '2wd', 'gasoline', 0, NULL, '1กพ 9724', 'available', 0, 2, 0, '2026-03-28', NULL, 2, 1, 'X-MAX300 (BKA200) เกียร์ ออโต้ VAT ดีรุ่งเรือง CIMB.142,100 AY.157,600 ราคาเงินสด 179,000 บาท ฟรีดาวน์ (AY) ค่างวด 4,200 ผ่อน 60 งวด', JSON_ARRAY('https://www.rungniran.co.th/wp-content/uploads/2026/04/9724.jpg')),
  ('Honda', 'CITY', 'sedan', 2022, 539000, 'auto', '2wd', 'gasoline', 0, 'เทา', '3ขพ 4835', 'available', 0, 5, 4, '2026-03-28', '2022-11-28', 5, 1, 'City Turbo 1.0 RS เกียร์ ออโต้ VAT รุ่งนิรันดร์ (27/3/69) ราคาป้ายแดง 739,000 บาท ลดเหลือ 539,000 บาท ผ่อนเริ่มต้น : 8,xxx จำนวน 84 งวด AY : 510 / KL : 517 / TTB: 525 EGT ตรวจ GOO 20-4-69', JSON_ARRAY('https://www.rungniran.co.th/wp-content/uploads/2026/04/3ขพ-4835-กทม-01.jpg')),
  ('Ford', 'RANGER', 'pickupcab', 2017, 329000, 'manual', '2wd', 'diesel', 0, 'ขาว', 'บล 8968', 'reserved', 0, 4, 2, '2026-03-31', '2017-07-05', 1, 3, 'Ford Ranger All-New Open Cab 2.2 XLS เกียร์ ธรรมดา VAT ดีเวลล์ (30/3/69) ราคาป้ายแดง 649,000 บาท ลดเหลือ 329,000 บาท ผ่อนเริ่มต้น : 5,xxx จำนวน 84 งวด TTB: 285 / AY : 270 / KL : ไม่จัด ZTG ตรวจGOO 8-6-69 1.สนญ. เปิ้ล 18/6/69 (อาภัสรา)', JSON_ARRAY('https://www.rungniran.co.th/wp-content/uploads/2026/05/บล-8968-สระบุรี-01.jpg')),
  ('Isuzu', 'D-MAX', 'pickupcab', 2016, 429000, 'manual', '2wd', 'diesel', 0, 'เทา', 'บพ 2056', 'available', 0, 4, 2, '2026-03-31', '2016-03-17', 1, 1, 'D-Max All New Blue Power Spacecab Hi-Lander 3.0 Ddi Z-Prestige เกียร์ ธรรมดา NOVAT รุ่งนิรันดร์ (28/3/69) ราคาป้ายแดง 836,000 บาท ลดเหลือ 429,000 บาท ผ่อนเริ่มต้น : 7,xxx จำนวน 84 งวด AY : 395 / KL : 423 / TTB: 415 ELG ตรวจGOO 12-5-69', JSON_ARRAY('https://www.rungniran.co.th/wp-content/uploads/2026/05/บพ-2056-เพชรบุรี-01.jpg')),
  ('Mitsubishi', 'ATTRAGE', 'sedan', 2017, 249000, 'manual', '2wd', 'gasoline', 0, 'ขาว', '6กน 3750', 'available', 0, 5, 4, '2026-04-02', '2017-08-28', 2, 2, 'Attrage 1.2 GLX เกียร์ ธรรมดา VAT ดีรุ่งเรือง (1/4/69) ราคาป้ายแดง 472,000 บาท ลดเหลือ 249,000 บาท ผ่อนเริ่มต้น : 3,xxx จำนวน 84 งวด AY : 190 / KL : 179 / TTB: 180 ZZH ตรวจ GOO 6-5-69', JSON_ARRAY('https://www.rungniran.co.th/wp-content/uploads/2026/05/6กน-3750-กทม-01.jpg')),
  ('Chevrolet', 'COLORADO', 'pickup4', 2019, 379000, 'manual', '2wd', 'diesel', 0, 'ขาว', '1ขก 6561', 'available', 0, 5, 4, '2026-04-04', '2020-06-08', 2, 2, 'Colorado New C-Cab 2.5 LT เกียร์ ธรรมดา VAT ดีรุ่งเรือง (2/4/69) ราคาป้ายแดง 779,000 บาท ลดเหลือ 379,000 บาท EZA ตรวจ GOO 20-4-69', JSON_ARRAY('https://www.rungniran.co.th/wp-content/uploads/2026/04/1ขก-6561-กทม-01.jpg')),
  ('Honda', 'CITY', 'sedan', 2021, 529000, 'auto', '2wd', 'gasoline', 0, 'เทา', 'ขก 4606', 'available', 0, 5, 4, '2026-04-04', '2021-04-19', 1, 1, 'City Turbo 1.0 SV (Hatchback) เกียร์ ออโต้ NOVAT รุ่งนิรันดร์ (2/4/69) ราคาป้ายแดง 675,000 บาท ลดเหลือ 529,000 บาท ผ่อนเริ่มต้น : 8,xxx จำนวน 84 งวด KL : 483 / TTB: 475 / AY : 420 LTH ตรวจ GOO 20-4-69', JSON_ARRAY('https://www.rungniran.co.th/wp-content/uploads/2026/04/ขก-4606-สระบุรี-01.jpg')),
  ('Mazda', 'MAZDA2', 'sedan', 2017, 329000, 'auto', '2wd', 'gasoline', 0, 'ขาว', '6กฌ 1950', 'available', 0, 5, 4, '2026-04-04', '2017-05-16', 8, 3, 'Mazda2 Sedan 1.3 High Connect เกียร์ออโต้ VAT ดีเวลล์ ZTL ราคาป้ายแดง 620,000 บาท ลดเหลือ 329,000 บาท TTB95 ผ่อนเริ่มต้น : 5,xxx จำนวน 84 งวด AY : 205 / KL : 268 / TTB : 290 ตรวจ GOO 6-5-69', JSON_ARRAY('https://www.rungniran.co.th/wp-content/uploads/2026/05/6กฌ-1950-กทม-01.jpg')),
  ('Honda', 'CIVIC', 'sedan', 2019, 569000, 'auto', '2wd', 'gasoline', 0, 'ขาว', '4ขจ 9146', 'available', 0, 5, 4, '2026-04-04', '2019-07-12', 1, 1, 'Civic 1.8 E เกียร์ ออโต้ NOVAT รุ่งนิรันดร์ (1/4/69) ราคาป้ายแดง 874,000 บาท ลดเหลือ 569,000 บาท ผ่อนเริ่มต้น : 9,xxx จำนวน 84 งวด KL : 568 / TTB: 565 / AY : 530 LbH ตรวจ GOO 28-4-69', JSON_ARRAY('https://www.rungniran.co.th/wp-content/uploads/2026/04/4ขจ-9146-กทม-01.jpg')),
  ('Toyota', 'VIGO', 'pickupcab', 2012, 219000, 'manual', '2wd', 'diesel', 0, 'เทา', 'บว 2107', 'available', 0, 4, 2, '2026-04-04', '2012-12-19', 8, 3, 'Vigo Smart Cab 2.5 G VNT เกียร์ธรรมดา NO VAT ดีเสลล์ ZIZ ราคาป้ายแดง 724,000 บาท ลดเหลือ 219,000 บาท ไม่เพิ่ม TTB85 ผ่อนเริ่มต้น : 5,xxx จำนวน 72 งวด TTB : 295', JSON_ARRAY('https://www.rungniran.co.th/wp-content/uploads/2026/04/บว-2107-ฉะเชิงเทรา-02.jpg')),
  ('Ford', 'RANGER', 'pickup4', 2018, 529000, 'auto', '2wd', 'diesel', 0, 'ดำ', 'ขค 7708', 'reserved', 0, 5, 4, '2026-04-06', '2018-04-25', 4, 1, 'Ford Ranger All-New Double Cab 2.2 Hi-Rider Wildtrak เกียร์ ออโต้ VAT รุ่งนิรันดร์ (4/4/69) ราคาป้ายแดง 995,000 บาท ลดเหลือ 529,000 บาท ผ่อนเริ่มต้น : 8,xxx จำนวน 84 งวด TTB: 505 / AY : 480 / KL : ไม่จัด LLI ตรวจ GOO 28-4-69 1.โคราช สา 6/6/69 (นาถยา)', JSON_ARRAY('https://www.rungniran.co.th/wp-content/uploads/2026/04/ขค-7708-ระยอง-01.jpg')),
  ('Mazda', 'MAZDA2', 'sedan', 2018, 369000, 'auto', '2wd', 'gasoline', 0, 'เทา', 'ขม 2735', 'available', 0, 5, 4, '2026-04-06', '2018-08-15', 4, 1, 'Mazda 2 1.3 Skyactiv Sports High Plus เกียร์ ออโต้ VAT รุ่งนิรันดร์ (4/4/69) ราคาป้ายแดง 670,000 บาท ลดเหลือ 369,000 บาท ผ่อนเริ่มต้น : 6,xxx จำนวน 84 งวด TTB: 320 / KL : 310 con / AY : 250 EIT ตรวจ GOO 6-5-69', JSON_ARRAY('https://www.rungniran.co.th/wp-content/uploads/2026/05/งธ-9302-เชียงใหม่-01.jpg')),
  ('Nissan', 'NOTE', 'sedan', 2019, 359000, 'auto', '2wd', 'gasoline', 0, 'ดำ', '8กพ 446', 'available', 0, 5, 4, '2026-04-07', '2019-05-28', 1, 1, 'Note 1.2 VL เกียร์ ออโต้ NOVAT รุ่งนิรันดร์ (6/4/69) ราคาป้ายแดง 640,000 บาท ลดเหลือ 359,000 บาท ผ่อนเริ่มต้น : 5,xxx จำนวน 84 งวด TTB: 305 / KL : 259 / AY : 160 EIG ตรวจ GOO 20-4-69', JSON_ARRAY('https://www.rungniran.co.th/wp-content/uploads/2026/04/8กพ-446-กทม-01.jpg')),
  ('MG', 'MG ZS', 'suv', 2019, 359000, 'auto', '2wd', 'gasoline', 0, 'เทา', '8กย 6067', 'available', 0, 5, 4, '2026-04-07', '2019-05-28', 1, 1, 'ZS 1.5 X เกียร์ ออโต้ NOVAT รุ่งนิรันดร์ (6/4/69) ราคาป้ายแดง 789,000 บาท ลดเหลือ 359,000 บาท ผ่อนเริ่มต้น : 5,xxx จำนวน 84 งวด TTB: 320 / KL : 291 /AY : 240 EZH ตรวจ GOO 20-4-69', JSON_ARRAY('https://www.rungniran.co.th/wp-content/uploads/2026/04/8กย-6067-กทม-01.jpg')),
  ('Honda', 'HR-V', 'suv', 2019, 629000, 'auto', '2wd', 'gasoline', 0, 'ดำ', 'กษ 3928', 'available', 0, 5, 4, '2026-04-08', '2020-03-20', 1, 1, 'HR-V 1.8 RS เกียร์ ออโต้ NOVAT รุ่งนิรันดร์ (7/4/69) ราคาป้ายแดง 1,119,000 บาท ลดเหลือ 629,000 บาท ผ่อนเริ่มต้น : 10,xxx จำนวน 84 งวด AY : 675 / KL : 653 / TTB: 610 LGE ตรวจ GOO 28-4-69', JSON_ARRAY('https://www.rungniran.co.th/wp-content/uploads/2026/04/กษ-3928-นครสวรรค์-01.jpg')),
  ('Toyota', 'YARIS', 'sedan', 2023, 589000, 'auto', '2wd', 'gasoline', 0, 'ขาว', 'กพ 6310', 'available', 0, 5, 4, '2026-04-08', '2024-01-28', 1, 1, 'Yaris ATIV 1.2 Premium เกียร์ ออโต้ VAT รุ่งนิรันดร์ (7/4/69) ราคาป้ายแดง 669,000 บาท ลดเหลือ 589,000 บาท ผ่อนเริ่มต้น : 10,xxx จำนวน 84 งวด KL : 565 / TTB: 560 / AY : 495 SZS ตรวจ GOO 28-4-69', JSON_ARRAY('https://www.rungniran.co.th/wp-content/uploads/2026/04/กพ-6310-กระบี่-01.jpg')),
  ('Toyota', 'YARIS', 'sedan', 2023, 589000, 'auto', '2wd', 'gasoline', 0, 'เทา', 'ขท 550', 'available', 0, 5, 4, '2026-04-08', '2023-11-15', 6, 1, 'Yaris ATIV 1.2 Premium เกียร์ ออโต้ VAT รุ่งนิรันดร์ (7/4/69) ราคาป้ายแดง 669,000 บาท ลดเหลือ 589,000 บาท ผ่อนเริ่มต้น : 10,xxx จำนวน 84 งวด KL : 565 / TTB: 545 / AY : 495 SIA ตรวจ GOO 6-5-69', JSON_ARRAY('https://www.rungniran.co.th/wp-content/uploads/2026/04/ขท-550-ภูเก็ต-01.jpg')),
  ('Kawasaki', 'NINJA400HG (EX400KLF)', 'motorcycle', 2018, 119000, 'manual', '2wd', 'gasoline', 0, NULL, '7ขฉ 6495', 'reserved', 0, 2, 0, '2026-04-09', NULL, 2, 1, 'NINJA400HG (EX400KLF) เกียร์ ธรรมดา VAT/NOVAT รุ่งนิรันดร์ AY.97,200 ราคาเงินสด 119,000 บาท ดาวน์ 9,000 (AY) ค่างวด 3,600 / 48 งวด 1.ดีรุ่งเรือง ต่อ 1/6/69 (วุฒิชัย)', JSON_ARRAY('https://www.rungniran.co.th/wp-content/uploads/2026/04/6495.jpg')),
  ('Ford', 'RANGER', 'pickupcab', 2018, 369000, 'manual', '2wd', 'diesel', 0, 'เทา', 'ยค 3921', 'available', 0, 4, 2, '2026-04-10', '2018-08-07', 8, 3, 'Ranger Open Cab 2.2 Hi-Rider XLS เกียร์ธรรมดา VAT ดีเวลล์ ZHE ราคาป้ายแดง 699,000 บาท ลดเหลือ 369,000 บาท AY95 ผ่อนเริ่มต้น : 6,xxx จำนวน 84 งวด AY : 330 / KL : 323 / TTB : 345 ตรวจ Goo 18-6-69', JSON_ARRAY('https://www.rungniran.co.th/wp-content/uploads/2026/05/ยค-3921-เชียงใหม่-01.jpg')),
  ('Ford', 'RANGER', 'pickupcab', 2018, 379000, 'manual', '2wd', 'diesel', 0, 'ขาว', 'บต 4639', 'available', 0, 4, 2, '2026-04-10', '2018-10-26', 4, 1, 'Ford Ranger All-New Open Cab 2.2 Hi-Rider XLS เกียร์ ธรรมดา VAT รุ่งนิรันดร์ (9/4/69) ราคาป้ายแดง 699,000 บาท ลดเหลือ 379,000 บาท ผ่อนเริ่มต้น : 6,xxx จำนวน 84 งวด TTB: 345 / AY : 330 / KL : ไม่จัด EAI ตรวจ GOO 11-5-69', JSON_ARRAY('https://www.rungniran.co.th/wp-content/uploads/2026/05/บต-4639-มุกดาหาร-01.jpg')),
  ('Toyota', 'REVO', 'pickupcab', 2018, 489000, 'manual', '2wd', 'diesel', 0, 'ดำ', 'ผว 7417', 'reserved', 0, 4, 2, '2026-04-10', '2019-02-20', 1, 1, 'Toyota Hilux Revo Smart Cab 2.4 E Plus Prerunner เกียร์ ธรรมดา VAT รุ่งนิรันดร์ (8/4/69) ราคาป้ายแดง 751,000 บาท ลดเหลือ 489,000 บาท ผ่อนเริ่มต้น : 8,xxx จำนวน 84 งวด TTB: 460 / AY : 435 / KL : 420 E LEL ตรวจ GOO 6-5-69 1.สนญ. เบนซ์ 7/5/69 (เนตรนภา) 2.สนญ. แซ็ก 16/6/69 (รัตติการ)', JSON_ARRAY('https://www.rungniran.co.th/wp-content/uploads/2026/05/ผว-7417-ขอนแก่น-01.jpg')),
  ('Toyota', 'FORTUNER', 'suv', 2021, 1049000, 'auto', '2wd', 'diesel', 0, 'ดำ', 'ขจ 6721', 'reserved', 0, 7, 4, '2026-04-11', '2022-01-24', 1, 1, 'Fortuner 2.4 V เกียร์ ออโต้ NOVAT รุ่งนิรันดร์ (10/4/69) ราคาป้ายแดง 1,466,000 บาท ลดเหลือ 1,049,000 บาท ผ่อนเริ่มต้น : 18,xxx จำนวน 84 งวด AY : 1,020 / KL : 1,143 / TTB: 1,120 HAA ตรวจGOO 27-4-69 1.สนญ. แซ็ก 20/5/69 (วิภาภรณ์)', JSON_ARRAY('https://www.rungniran.co.th/wp-content/uploads/2026/04/ขจ-6721-อุดรธานี-01.jpg')),
  ('Toyota', 'FORTUNER', 'suv', 2017, 829000, 'auto', '2wd', 'diesel', 0, 'ขาว', 'ขฉ 6212', 'available', 0, 7, 4, '2026-04-11', '2017-10-06', 1, 1, 'Fortuner 2.4 V เกียร์ ออโต้ NOVAT รุ่งนิรันดร์ (10/4/69) ราคาป้ายแดง 1,419,000 บาท ลดเหลือ 829,000 บาท ผ่อนเริ่มต้น : 14,xxx จำนวน 84 งวด AY : 740 / KL : 846 / TTB: 780 bbA ตรวจGOO 27-4-69', JSON_ARRAY('https://www.rungniran.co.th/wp-content/uploads/2026/04/ขฉ-6212-อุดรธานี-01.jpg')),
  ('Honda', 'CITY', 'sedan', 2022, 569000, 'auto', '2wd', 'gasoline', 0, 'ขาว', 'งข 7785', 'available', 0, 5, 4, '2026-04-11', '2023-03-01', 3, 1, 'City Turbo 1.0 RS เกียร์ ออโต้ NOVAT รุ่งนิรันดร์ (10/4/69) ราคาป้ายแดง 739,000 บาท ลดเหลือ 569,000 บาท ผ่อนเริ่มต้น : 9,xxx จำนวน 84 งวด AY : 540 / KL : 517 / TTB: 545 LHG ตรวจ GOO 6-5-69', JSON_ARRAY('https://www.rungniran.co.th/wp-content/uploads/2026/05/งข-7785-ขอนแก่น-01.jpg')),
  ('Mitsubishi', 'MIRAGE', 'sedan', 2020, 329000, 'auto', '2wd', 'gasoline', 0, 'ขาว', 'กพ 4681', 'available', 0, 5, 4, '2026-04-17', '2021-04-26', 5, 1, 'Mirage 1.2 GLX เกียร์ ออโต้ VAT รุ่งนิรันดร์ (11/4/69) ราคาป้ายแดง 509,000 บาท ลดเหลือ 329,000 บาท ผ่อนเริ่มต้น : 4,xxx จำนวน 84 งวด TTB: 280 / AY : 205 / KL : 241 ZHT ตรวจGOO 19-5-69', JSON_ARRAY('https://www.rungniran.co.th/wp-content/uploads/2026/05/กพ-4681-ตรัง-01.jpg')),
  ('Ford', 'RANGER', 'pickup4', 2018, 479000, 'manual', '2wd', 'diesel', 0, 'ดำ', '7กม 9140', 'available', 0, 5, 4, '2026-04-18', '2018-07-20', 1, 1, 'Ford Ranger All-New Double Cab 2.2 Hi-Rider XLT เกียร์ ธรรมดา VAT รุ่งนิรันดร์ (16/4/69) ราคาป้ายแดง 839,000 บาท ลดเหลือ 479,000 บาท ผ่อนเริ่มต้น : 8,xxx จำนวน 84 งวด TTB: 450 / AY : 400 / KL : ไม่จัด ETT ตรวจ GOO 11-5-69', JSON_ARRAY('https://www.rungniran.co.th/wp-content/uploads/2026/05/7กม-9140-กทม-01.jpg')),
  ('Nissan', 'ALMERA', 'sedan', 2022, 479000, 'auto', '2wd', 'gasoline', 0, 'เทา', 'ขต 3811', 'available', 0, 5, 4, '2026-04-18', '2023-01-25', 1, 1, 'Almera Turbo 1.0 VL เกียร์ ออโต้ VAT รุ่งนิรันดร์ (16/4/69) ราคาป้ายแดง 699,000 บาท ลดเหลือ 479,000 บาท ผ่อนเริ่มต้น : 8,xxx จำนวน 84 งวด TTB: 475 / KL : 409 / AY : 325 LII ตรวจGOO 27-4-69', JSON_ARRAY('https://www.rungniran.co.th/wp-content/uploads/2026/04/ขต-3811-อุดรธานี-01.jpg')),
  ('Mazda', 'MAZDA2', 'sedan', 2019, 379000, 'auto', '2wd', 'gasoline', 0, 'ดำ', '8กล 2313', 'reserved', 0, 5, 4, '2026-04-18', '2019-06-07', 1, 1, 'Mazda 2 1.3 Skyactiv Sports High Plus เกียร์ ออโต้ VAT รุ่งนิรันดร์ (16/4/69) ราคาป้ายแดง 670,000 บาท ลดเหลือ 379,000 บาท ผ่อนเริ่มต้น : 6,xxx จำนวน 84 งวด TTB: 335 / KL : 330 con / AY : 260 EEE ตรวจ GOO 6-5-69 1.สนญ. แซ็ก 12/6/69 (สุวรรณี)', JSON_ARRAY('https://www.rungniran.co.th/wp-content/uploads/2026/04/8กล-2313-กทม-01.jpg')),
  ('Toyota', 'REVO', 'pickupcab', 2021, 549000, 'manual', '2wd', 'diesel', 0, 'เทา', '3ฒต 1845', 'available', 0, 4, 2, '2026-04-18', '2021-02-21', 1, 1, 'Toyota Hilux Revo Smart Cab 2.4 Entry Prerunner เกียร์ ธรรมดา VAT รุ่งนิรันดร์ (17/4/69) ราคาป้ายแดง 740,000 บาท ลดเหลือ 549,000 บาท ผ่อนเริ่มต้น : 9,xxx จำนวน 84 งวด TTB: 540 / KL : 510 / AY : 490 LTS ตรวจGOO 12-5-69', JSON_ARRAY('https://www.rungniran.co.th/wp-content/uploads/2026/05/3ฒต-1845-กทม-01.jpg')),
  ('Toyota', 'YARIS', 'sedan', 2022, 459000, 'auto', '2wd', 'gasoline', 0, 'ขาว', 'จฉ 9631', 'available', 0, 5, 4, '2026-04-18', '2022-07-12', 5, 1, 'Yaris 1.2 Entry เกียร์ ออโต้ VAT รุ่งนิรันดร์ (ุ16/4/69) ราคาป้ายแดง 549,000 บาท ลดเหลือ 459,000 บาท ผ่อนเริ่มต้น : 7,xxx จำนวน 84 งวด KL : 428 / TTB: 410 / AY : 350 EHG ตรวจ GOO 11-5-69', JSON_ARRAY('https://www.rungniran.co.th/wp-content/uploads/2026/05/จฉ-9631-ชลบุรี-01.jpg')),
  ('Mitsubishi', 'TRITON', 'pickupcab', 2018, 349000, 'manual', '2wd', 'diesel', 0, 'ขาว', 'ยก 4981', 'reserved', 0, 4, 2, '2026-04-18', '2018-12-13', 1, 3, 'Triton Cab 2.5 GLX เกียร์ธรรมดา VAT ดีเวลล์ EEA ราคาป้ายแดง 621,000 บาท ลดเหลือ 349,000 บาท TTB95/AY Up10*95 ผ่อนเริ่มต้น : 5,xxx จำนวน 84 งวด AY : 290/ KL : 286 / TTB : 315 ตรวจGOO 19-5-69 1.89ดีเวลล์ โบว์ 18/6/69 (ธนากร)', JSON_ARRAY('https://www.rungniran.co.th/wp-content/uploads/2026/05/ยก-4981-ชลบุรี-01.jpg')),
  ('Mazda', 'MAZDA2', 'sedan', 2018, 369000, 'auto', '2wd', 'gasoline', 0, 'ดำ', 'งว 7096', 'available', 0, 5, 4, '2026-04-20', '2018-04-18', 3, 1, 'Mazda 2 1.3 Skyactiv High Plus เกียร์ ออโต้ VAT รุ่งนิรันดร์ (18/4/69) ราคาป้ายแดง 670,000 บาท ลดเหลือ 369,000 บาท ผ่อนเริ่มต้น : 6,xxx จำนวน 84 งวด KL : 327 / TTB: 320 / AY : 250 ZTG ตรวจ GOO 11-5-69', JSON_ARRAY('https://www.rungniran.co.th/wp-content/uploads/2026/05/งว-7096-นครราชสีมา-01.jpg')),
  ('Mitsubishi', 'XPANDER', 'suv', 2021, 569000, 'auto', '2wd', 'gasoline', 0, 'ขาว', '2ขห 3970', 'reserved', 0, 5, 4, '2026-04-20', '2022-04-20', 6, 1, 'Xpander 1.5 GT เกียร์ ออโต้ VAT รุ่งนิรันดร์ (18/4/69) ราคาป้ายแดง 863,000 บาท ลดเหลือ 569,000 บาท ผ่อนเริ่มต้น : 9,xxx จำนวน 84 งวด TTB: 540 / AY : 490 / KL : 495 LTA ตรวจ GOO 11-5-69 1.หนองบัวฯ เอ็กซ์ 15/6/69 (สันติ) 2.ดีเวลล์ เค้ก 19/6/69 (นพดน)', JSON_ARRAY('https://www.rungniran.co.th/wp-content/uploads/2026/05/2ขห-3970-กทม-01.jpg')),
  ('Honda', 'BRIO', 'sedan', 2012, 219000, 'auto', '2wd', 'gasoline', 0, 'ดำ', 'ขฉ 2765', 'available', 0, 5, 4, '2026-04-21', '2012-09-27', 1, 1, 'Brio 1.2 V เกียร์ ออโต้ NOVAT รุ่งนิรันดร์ (21/4/69) ราคาป้ายแดง 508,000 บาท ลดเหลือ 219,000 บาท ผ่อนเริ่มต้น : 3,xxx จำนวน 84 งวด TTB: 140', JSON_ARRAY('https://www.rungniran.co.th/wp-content/uploads/2026/04/ขฉ-2765-อุดรธานี-01.jpg')),
  ('Honda', 'HR-V', 'suv', 2019, 619000, 'auto', '2wd', 'gasoline', 0, 'ขาว', 'ขว 988', 'reserved', 0, 5, 4, '2026-04-21', '2019-05-14', 4, 1, 'HR-V 1.8 EL เกียร์ ออโต้ NOVAT รุ่งนิรันดร์ (20/4/69) ราคาป้ายแดง 1,059,000 บาท ลดเหลือ 619,000 บาท ผ่อนเริ่มต้น : 10,xxx จำนวน 84 งวด AY : 595 / KL : 530 / TTB: 560 SAb ตรวจ GOO 6-5-69 1.ดีรุ่งเรือง ตั้ม 7/5/69 (ลัดดาวัลย์) 2.โคราช ตูน 22/5/69 (จันทิมา)', JSON_ARRAY('https://www.rungniran.co.th/wp-content/uploads/2026/05/ขว-988-นครราชสีมา-01.jpg')),
  ('Isuzu', 'D-MAX', 'pickupcab', 2018, 449000, 'manual', '2wd', 'diesel', 0, 'ดำ', 'ยค 4454', 'reserved', 0, 4, 2, '2026-04-21', '2018-05-18', 1, 1, 'D-Max All New Blue Power Spacecab 1.9 Ddi Z Speed X-series เกียร์ ธรรมดา *โหลดต่ำลงเล่ม* VAT รุ่งนิรันดร์ (20/4/69) ราคาป้ายแดง 742,000 บาท ลดเหลือ 449,000 บาท ผ่อนเริ่มต้น : 7,xxx จำนวน 84 งวด AY : 410 / KL : 438 / TTB: 430 ETA ตรวจ GOO 25-5-69 1.ดีเวลล์ นุ้ย 25/5/69 (ศรายุทธ) 2.หนองบัวฯ เอ็กซ์ 13/6/69 (นิคม)', JSON_ARRAY('https://www.rungniran.co.th/wp-content/uploads/2026/05/ยค-4454-ขอนแก่น-01.jpg')),
  ('Mitsubishi', 'TRITON', 'pickup4', 2018, 509000, 'manual', '2wd', 'diesel', 0, 'เทา', 'ขม 2275', 'available', 0, 5, 4, '2026-04-23', '2019-03-25', 2, 2, 'Triton All New Double Cab 2.4 GT Plus เกียร์ ธรรมดา VAT ดีรุ่งเรือง (22/4/69) ราคาป้ายแดง 878,000 บาท ลดเหลือ 509,000 บาท ผ่อนเริ่มต้น : 8,xxx จำนวน 84 งวด TTB: 480 / AY : 430 / KL : 417 LLL ตรวจGOO 16-6-69', JSON_ARRAY('https://www.rungniran.co.th/wp-content/uploads/2026/05/จท-5548-เชียงใหม่-01.jpg')),
  ('Toyota', 'YARIS', 'sedan', 2017, 349000, 'auto', '2wd', 'gasoline', 0, 'ขาว', '6กฌ 841', 'reserved', 0, 5, 4, '2026-04-23', '2017-05-16', 2, 2, 'Yaris 1.2 E เกียร์ ออโต้ VAT ดีรุ่งเรือง (22/4/69) ราคาป้ายแดง 549,000 บาท ลดเหลือ 349,000 บาท ผ่อนเริ่มต้น : 5,xxx จำนวน 84 งวด KL : 311 / AY : 250 / TTB: 260 ZGS ตรวจGOO 26-5-69 1.ดีเวลล์ เค้ก 11/5/69 (วราพร)', JSON_ARRAY('https://www.rungniran.co.th/wp-content/uploads/2026/05/6กฌ-841-กทม-01.jpg')),
  ('MG', 'MG 5', 'sedan', 2023, 419000, 'auto', '2wd', 'gasoline', 0, 'ขาว', 'ขต 8065', 'available', 0, 5, 4, '2026-04-23', '2023-04-26', 1, 1, 'MG5 1.5 D เกียร์ ออโต้ VAT รุ่งนิรันดร์ (22/4/69) ราคาป้ายแดง 625,000 บาท ลดเหลือ 419,000 บาท ผ่อนเริ่มต้น : 6,xxx จำนวน 84 งวด TTB: 380 / KL : 341 / AY : 265 ELZ ตรวจ GOO 11-5-69', JSON_ARRAY('https://www.rungniran.co.th/wp-content/uploads/2026/05/ขต-8065-อุดรธานี-01.jpg')),
  ('Mitsubishi', 'TRITON', 'pickupcab', 2021, 419000, 'manual', '2wd', 'diesel', 0, 'ขาว', 'ผผ 5108', 'available', 0, 4, 2, '2026-04-23', '2021-06-10', 3, 1, 'Triton All New Mega Cab 2.5 GLX เกียร์ ธรรมดา VAT รุ่งนิรันดร์ (22/4/69) ราคาป้ายแดง 637,000 บาท ลดเหลือ 419,000 บาท ผ่อนเริ่มต้น : 7,xxx จำนวน 84 งวด TTB: 380 / AY : 345 / KL : 329 EIL ตรวจGOO 8-6-69', JSON_ARRAY('https://www.rungniran.co.th/wp-content/uploads/2026/06/ผผ-5108-อุดรธานี-01.jpg')),
  ('Nissan', 'ALMERA', 'sedan', 2020, 439000, 'auto', '2wd', 'gasoline', 0, 'ขาว', '1ขว 8492', 'available', 0, 5, 4, '2026-04-23', '2021-02-24', 1, 1, 'Almera Turbo 1.0 VL เกียร์ ออโต้ VAT รุ่งนิรันดร์ (22/4/69) ราคาป้ายแดง 639,000 บาท ลดเหลือ 439,000 บาท ผ่อนเริ่มต้น : 7,xxx จำนวน 84 งวด TTB: 400 / KL : 347 / AY : 275 EZG ตรวจGOO 8-6-69', JSON_ARRAY('https://www.rungniran.co.th/wp-content/uploads/2026/05/1ขว-8492-กทม-01.jpg')),
  ('Toyota', 'ALTIS', 'sedan', 2011, 169000, 'auto', '2wd', 'gasoline', 0, 'เทา', 'กพ 2656', 'available', 0, 5, 4, '2026-04-23', '2011-07-21', 1, 1, 'Corolla Altis 1.6 E (CNG) เกียร์ ออโต้ *เล่มเต็ม* VAT รุ่งนิรันดร์ (22/4/69) ลดเหลือ 169,000 บาท (ขายราคานี้ไม่บวกเพิ่ม) ขายสดเท่านั้น IbL', JSON_ARRAY('https://www.rungniran.co.th/wp-content/uploads/2026/06/กพ-2656-บุรีรัมย์-01.jpg')),
  ('Ford', 'RANGER', 'pickupcab', 2019, 379000, 'manual', '2wd', 'diesel', 0, 'ขาว', '2ฒษ 1718', 'reserved', 0, 4, 2, '2026-04-24', '2019-11-27', 1, 1, 'Ford Ranger All-New Open Cab 2.2 Hi-Rider XLS เกียร์ ธรรมดา VAT รุ่งนิรันดร์ (23/4/69) ราคาป้ายแดง 663,000 บาท ลดเหลือ 379,000 บาท ผ่อนเริ่มต้น : 6,xxx จำนวน 84 งวด AY : 340 / TTB: 345 XL+ / KL : ไม่จัด ZTT ตรวจGOO 26-5-69 1.บึงกาฬ ปุ้ย 8/6/69 (บรรยาย) 2.โคราช แม็ค 14/6/69 (ฉัตรชัย)', JSON_ARRAY('https://www.rungniran.co.th/wp-content/uploads/2026/05/2ฒษ-1718-กทม-01.jpg')),
  ('Mazda', 'MAZDA2', 'sedan', 2018, 369000, 'auto', '2wd', 'gasoline', 0, 'น้ำตาล', '7กย 6772', 'reserved', 0, 5, 4, '2026-04-24', '2018-07-28', 3, 1, 'Mazda 2 1.3 Skyactiv High Plus เกียร์ ออโต้ VAT รุ่งนิรันดร์ (23/4/69) ราคาป้ายแดง 670,000 บาท ลดเหลือ 369,000 บาท ผ่อนเริ่มต้น : 6,xxx จำนวน 84 งวด TTB: 320 / AY : 250 / KL : 304 con EIG 1.สกลฯ ดล 19/6/69 (พงษ์ศุธร)', JSON_ARRAY('https://www.rungniran.co.th/wp-content/uploads/2026/06/7กย-6772-กทม-01.jpg')),
  ('Mazda', 'MAZDA2', 'sedan', 2022, 469000, 'auto', '2wd', 'gasoline', 0, 'ขาว', '4ขง 7796', 'reserved', 0, 5, 4, '2026-04-27', '2023-04-11', 2, 2, 'Mazda 2 1.3 Skyactiv-G S Leather Sedan เกียร์ ออโต้ VAT ดีรุ่งเรือง (24/4/69) ราคาป้ายแดง 659,000 บาท ลดเหลือ 469,000 บาท ผ่อนเริ่มต้น : 8,xxx จำนวน 84 งวด TTB: 435 / KL : 406 / AY : 325 ETA ตรวจ GOO 11-5-69 1.โคราช เหมียว 11/6/69 (ศราวุฒิ)', JSON_ARRAY('https://www.rungniran.co.th/wp-content/uploads/2026/05/4ขง-7796-กทม-01.jpg')),
  ('Mitsubishi', 'TRITON', 'pickupcab', 2017, 349000, 'manual', '2wd', 'diesel', 0, 'ดำ', 'บบ 4876', 'available', 0, 4, 2, '2026-04-27', '2018-03-22', 2, 2, 'Triton All New Mega Cab 2.5 GLX เกียร์ ธรรมดา NOVAT ดีรุ่งเรือง (24/4/69) ราคาป้ายแดง 621,000 บาท ลดเหลือ 349,000 บาท ผ่อนเริ่มต้น : 5,xxx จำนวน 84 งวด TTB: 315 / AY : 275 / KL : 276 ZbI', JSON_ARRAY('https://www.rungniran.co.th/wp-content/uploads/2026/06/บบ-4876-ยโสธร-01.jpg')),
  ('Ford', 'RANGER', 'pickup4', 2019, 529000, 'manual', '2wd', 'diesel', 0, 'ขาว', 'กษ 8366', 'available', 0, 5, 4, '2026-04-27', '2020-09-21', 1, 1, 'Ford Ranger All-New Double Cab 2.2 Hi-Rider XLT เกียร์ ธรรมดา VAT รุ่งนิรันดร์ (24/4/69) ราคาป้ายแดง 854,000 บาท ลดเหลือ 529,000 บาท ผ่อนเริ่มต้น : 9,xxx จำนวน 84 งวด TTB: 500 / AY : 420 / KL : ไม่จัด LAI ตรวจGOO 19-5-69', JSON_ARRAY('https://www.rungniran.co.th/wp-content/uploads/2026/05/กษ-8366-นครสวรรค์-01.jpg')),
  ('Mitsubishi', 'TRITON', 'pickupcab', 2017, 349000, 'manual', '2wd', 'diesel', 0, 'เทา', 'ยก 3412', 'available', 0, 4, 2, '2026-04-27', '2018-01-17', 7, 1, 'Triton All New Mega Cab 2.5 GLX เกียร์ ธรรมดา VAT รุ่งนิรันดร์ (23/4/69) ราคาป้ายแดง 620,000 บาท ลดเหลือ 349,000 บาท ผ่อนเริ่มต้น : 5,xxx จำนวน 84 งวด TTB: 315 / AY : 275 / KL : 271 ZST ตรวจGOO 16-6-69', JSON_ARRAY('https://www.rungniran.co.th/wp-content/uploads/2026/06/ยก-3412-ขอนแก่น-01.jpg')),
  ('Yamaha', 'X-MAX300 (B5XD00)', 'motorcycle', 2021, 139000, 'auto', '2wd', 'gasoline', 0, NULL, '1กต 3986', 'reserved', 0, 2, 0, '2026-04-27', NULL, 2, 1, 'X-MAX300 (B5XD00) เกียร์ ออโต้ VAT/NOVAT รุ่งนิรันดร์ CIMB.120,600 AY.143,100 ราคาเงินสด 139,000 บาท (AY) ฟรีดาวน์ ค่างวด3,800 ผ่อน 60 งวด 1.ดีรุ่งเรือง ฟลุ๊ค 18/6/69 (รัชนี)', JSON_ARRAY('https://www.rungniran.co.th/wp-content/uploads/2026/06/3986-2.jpg')),
  ('Yamaha', 'X-MAX300 (B5XD00)', 'motorcycle', 2022, 149000, 'auto', '2wd', 'gasoline', 0, NULL, '2กว 4923', 'available', 0, 2, 0, '2026-04-27', NULL, 2, 1, 'X-MAX300 (B5XD00) เกียร์ ออโต้ VAT/NOVAT รุ่งนิรันดร์ CIMB.125,600 AY.143,100 ราคาเงินสด 149,000 บาท (AY) ฟรีดาวน์ ค่างวด3,900 ผ่อน 60 งวด', JSON_ARRAY('https://www.rungniran.co.th/wp-content/uploads/2026/05/4923.jpg')),
  ('Isuzu', 'D-MAX', 'pickupcab', 2018, 439000, 'manual', '2wd', 'diesel', 0, 'ดำ', '2ฒท 3294', 'reserved', 0, 4, 2, '2026-04-27', '2018-09-26', 1, 1, 'D-Max All New Blue Power Spacecab 1.9 Ddi L เกียร์ ธรรมดา VAT รุ่งนิรันดร์ (25/4/69) ราคาป้ายแดง 663,000 บาท ลดเหลือ 439,000 บาท ผ่อนเริ่มต้น : 7,xxx จำนวน 84 งวด KL : 425 / TTB: 395 / AY : 360 EEG ตรวจGOO 8-6-69 1.ดีเวลล์ นุ้ย 13/5/69 (สามารถ) 2.สนญ. หนุ่ย 4/6/69 (สุรเดช)', JSON_ARRAY('https://www.rungniran.co.th/wp-content/uploads/2026/06/2ฒท-3294-กทม-02.jpg')),
  ('Isuzu', 'D-MAX', 'pickupcab', 2022, 569000, 'manual', '2wd', 'diesel', 0, 'ขาว', '3ฒฬ 3924', 'available', 0, 4, 2, '2026-04-27', '2022-03-28', 6, 1, 'Isuzu D-Max All New Blue Power Spacecab Hi-Lander 1.9 Ddi L DA เกียร์ ธรรมดา VAT รุ่งนิรันดร์ (25/4/69) ราคาป้ายแดง 733,000 บาท ลดเหลือ 569,000 บาท ผ่อนเริ่มต้น : 9,xxx จำนวน 84 งวด KL : 553 / AY : 540 / TTB: 530 LST ตรวจGOO 25-5-69', JSON_ARRAY('https://www.rungniran.co.th/wp-content/uploads/2026/05/3ฒฬ-3924-กทม-01.jpg')),
  ('Mazda', 'MAZDA2', 'sedan', 2022, 439000, 'auto', '2wd', 'gasoline', 0, 'เทา', 'จต 7115', 'available', 0, 5, 4, '2026-04-27', '2022-09-21', 1, 1, 'Mazda 2 1.3 Skyactiv-G C Sports เกียร์ ออโต้ VAT รุ่งนิรันดร์ (17/4/69) ราคาป้ายแดง 599,000 บาท ลดเหลือ 439,000 บาท ผ่อนเริ่มต้น : 7,xxx จำนวน 84 งวด TTB: 400 / KL : 383 / AY : 295 Ebb ตรวจGOO 19-5-69', JSON_ARRAY('https://www.rungniran.co.th/wp-content/uploads/2026/05/จต-7115-ชลบุรี-01.jpg')),
  ('Toyota', 'REVO', 'pickupcab', 2023, 579000, 'manual', '2wd', 'diesel', 0, 'เทา', 'บษ 6620', 'available', 0, 4, 2, '2026-04-27', '2023-10-27', 1, 1, 'Toyota Hilux Revo Smart Cab 2.4 Entry Prerunner เกียร์ ธรรมดา VAT รุ่งนิรันดร์ (25/4/69) ราคาป้ายแดง 750,000 บาท ลดเหลือ 579,000 บาท ผ่อนเริ่มต้น : 10,xxx จำนวน 84 งวด AY : 550 / KL : 556 / TTB: 555 LGA ตรวจGOO 16-6-69', JSON_ARRAY('https://www.rungniran.co.th/wp-content/uploads/2026/06/บษ-6620-กาฬสินธุ์-01.jpg')),
  ('Toyota', 'YARIS', 'sedan', 2022, 459000, 'auto', '2wd', 'gasoline', 0, 'เทา', 'กท 1148', 'available', 0, 5, 4, '2026-04-28', '2022-12-13', 7, 1, 'Yaris 1.2 Sport เกียร์ ออโต้ VAT รุ่งนิรันดร์ (27/4/69) ราคาป้ายแดง 609,000 บาท ลดเหลือ 459,000 บาท ผ่อนเริ่มต้น : 7,xxx จำนวน 84 งวด KL : 425 / TTB: 420 / AY : 360 ETS ตรวจGOO 19-5-69', JSON_ARRAY('https://www.rungniran.co.th/wp-content/uploads/2026/05/กท-1148-อ่างทอง-01.jpg')),
  ('Nissan', 'ALMERA', 'sedan', 2021, 419000, 'auto', '2wd', 'gasoline', 0, 'เทา', 'ขง 9497', 'available', 0, 5, 4, '2026-04-29', '2021-09-28', 1, 1, 'Almera Turbo 1.0 V เกียร์ ออโต้ VAT รุ่งนิรันดร์ (28/4/69) ราคาป้ายแดง 609,000 บาท ลดเหลือ 419,000 บาท ผ่อนเริ่มต้น : 7,xxx จำนวน 84 งวด TTB: 370 / KL : 346 / AY : 275 Ebb ตรวจGOO 26-5-69', JSON_ARRAY('https://www.rungniran.co.th/wp-content/uploads/2026/05/ขง-9497-สุราษฎร์ธานี-01.jpg')),
  ('Toyota', 'REVO', 'pickupcab', 2021, 449000, 'manual', '2wd', 'diesel', 0, 'ขาว', '3ฒฉ 8626', 'available', 0, 4, 2, '2026-04-29', '2021-03-28', 7, 1, 'Toyota Hilux Revo Smart Cab 2.4 Entry Z Edition เกียร์ ธรรมดา VAT รุ่งนิรันดร์ (28/4/69) ราคาป้ายแดง 619,000 บาท ลดเหลือ 449,000 บาท ผ่อนเริ่มต้น : 7,xxx จำนวน 84 งวด AY : 405 / KL : 415 / TTB: 410 ETT ตรวจGOO 16-6-69', JSON_ARRAY('https://www.rungniran.co.th/wp-content/uploads/2026/06/3ฒฉ-8626-กทม-01.jpg')),
  ('Toyota', 'REVO', 'pickupcab', 2021, 449000, 'manual', '2wd', 'diesel', 0, 'ขาว', 'บษ 7954', 'reserved', 0, 4, 2, '2026-04-29', '2021-11-10', 1, 1, 'Toyota Hilux Revo Smart Cab 2.4 Entry Z Edition เกียร์ ธรรมดา VAT รุ่งนิรันดร์ (28/4/69) ราคาป้ายแดง 619,000 บาท ลดเหลือ 449,000 บาท ผ่อนเริ่มต้น : 7,xxx จำนวน 84 งวด AY : 405 / KL : 417 / TTB: 410 LAI ตรวจGOO 8-6-69 1.สนญ. ฝน 3/6/69 (สุภาวิณี) 2.สนญ. ซ้อจี๊ด 19/6/69 (สงกรานต์)', JSON_ARRAY('https://www.rungniran.co.th/wp-content/uploads/2026/05/บษ-7954-สระบุรี-01.jpg')),
  ('Mazda', 'MAZDA2', 'sedan', 2020, 439000, 'auto', '2wd', 'gasoline', 0, 'เทา', '1ขบ 9135', 'available', 0, 5, 4, '2026-05-02', '2021-01-18', 1, 1, 'Mazda 2 1.3 Skyactiv-G S Leather Sports เกียร์ ออโต้ VAT รุ่งนิรันดร์ (1/5/69) ราคาป้ายแดง 659,000 บาท ลดเหลือ 439,000 บาท ผ่อนเริ่มต้น : 7,xxx จำนวน 84 งวด TTB: 410 / KL : 348 S / AY : 285 ESE ตรวจGOO 26-5-69', JSON_ARRAY('https://www.rungniran.co.th/wp-content/uploads/2026/05/1ขบ-9135-กทม-01.jpg')),
  ('Nissan', 'ALMERA', 'sedan', 2023, 449000, 'auto', '2wd', 'gasoline', 0, 'เทา', '4ขศ 3409', 'available', 0, 5, 4, '2026-05-02', '2023-10-25', 5, 1, 'Almera Turbo 1.0 EL เกียร์ ออโต้ VAT รุ่งนิรันดร์ (29/4/69) ราคาป้ายแดง 589,000 บาท ลดเหลือ 449,000 บาท ผ่อนเริ่มต้น : 7,xxx จำนวน 84 งวด TTB: 420 / KL : 364 / AY : 300 EGb ตรวจGOO 19-5-69', JSON_ARRAY('https://www.rungniran.co.th/wp-content/uploads/2026/05/4ขศ-3409-กทม-01.jpg')),
  ('Nissan', 'NAVARA', 'pickupcab', 2021, 399000, 'manual', '2wd', 'diesel', 0, 'เทา', '3ฒต 5348', 'available', 0, 4, 2, '2026-05-02', '2022-02-04', 3, 1, 'Navara King Cab 2.5 SL เกียร์ ธรรมดา VAT รุ่งนิรันดร์ (1/5/69) ราคาป้ายแดง 649,000 บาท ลดเหลือ 399,000 บาท ผ่อนเริ่มต้น : 6,xxx จำนวน 84 งวด TTB: 365 / KL : 312 / AY : 280 EEA ตรวจGOO 8-6-69', JSON_ARRAY('https://www.rungniran.co.th/wp-content/uploads/2026/06/3ฒต-5348-กทม-01.jpg')),
  ('Nissan', 'NAVARA', 'pickupcab', 2015, 279000, 'manual', '2wd', 'diesel', 0, 'เทา', 'บบ 5487', 'available', 0, 4, 2, '2026-05-02', '2016-03-11', 1, 1, 'NP300 Navara King Cab 2.5 S เกียร์ ธรรมดา VAT รุ่งนิรันดร์ (30/4/69) ราคาป้ายแดง 612,000 บาท ลดเหลือ 279,000 บาท ผ่อนเริ่มต้น : 4,xxx จำนวน 84 งวด TTB: 240 / KL : 213 / AY : 145 ZZZ', JSON_ARRAY('https://www.rungniran.co.th/wp-content/uploads/2026/05/5487.jpg')),
  ('Toyota', 'REVO', 'pickupcab', 2019, 449000, 'manual', '2wd', 'diesel', 0, 'เทา', '2ฒร 5859', 'available', 0, 4, 2, '2026-05-02', '2019-07-28', 3, 1, 'Toyota Hilux Revo Smart Cab 2.4 E Z Edition เกียร์ ธรรมดา VAT รุ่งนิรันดร์ (29/4/69) ราคาป้ายแดง 685,000 บาท ลดเหลือ 449,000 บาท ผ่อนเริ่มต้น : 7,xxx จำนวน 84 งวด AY : 420 / KL : 405 / TTB: 405 EIb ตรวจGOO 8-6-69', JSON_ARRAY('https://www.rungniran.co.th/wp-content/uploads/2026/06/2ฒร-5859-กทม-01.jpg')),
  ('Ford', 'RANGER', 'pickupcab', 2021, 449000, 'manual', '2wd', 'diesel', 0, 'ขาว', 'ยก 748', 'available', 0, 4, 2, '2026-05-06', '2021-09-03', 1, 1, 'Ford Ranger All-New Open Cab 2.2 Hi-Rider XL+ Sport เกียร์ ธรรมดา VAT รุ่งนิรันดร์ (6/5/69) ราคาป้ายแดง 692,000 บาท ลดเหลือ 449,000 บาท ผ่อนเริ่มต้น : 7,xxx จำนวน 84 งวด TTB: 415 / AY : 380 / KL : ไม่จัด ESZ ตรวจGOO 8-6-69', JSON_ARRAY('https://www.rungniran.co.th/wp-content/uploads/2026/05/ยก-748-ขอนแก่น-01.jpg')),
  ('Toyota', 'REVO', 'pickupcab', 2022, 489000, 'manual', '2wd', 'diesel', 0, 'เทา', 'ผย 9245', 'available', 0, 4, 2, '2026-05-06', '2023-02-22', 7, 1, 'Toyota Hilux Revo Smart Cab 2.4 Entry Z Edition เกียร์ ธรรมดา VAT รุ่งนิรันดร์ (6/5/69) ราคาป้ายแดง 639,000 บาท ลดเหลือ 489,000 บาท ผ่อนเริ่มต้น : 8,xxx จำนวน 84 งวด AY : 455 / KL : 430 / TTB: 445 ETS ตรวจGOO 16-6-69', JSON_ARRAY('https://www.rungniran.co.th/wp-content/uploads/2026/06/ผบ-9245-อุบลราชธานี-01.jpg')),
  ('Mitsubishi', 'XPANDER', 'suv', 2021, 569000, 'auto', '2wd', 'gasoline', 0, 'ขาว', '2ขพ 4300', 'available', 0, 5, 4, '2026-05-08', '2022-02-14', 1, 1, 'Xpander 1.5 GT เกียร์ ออโต้ VAT รุ่งนิรันดร์ (6/5/69) ราคาป้ายแดง 863,000 บาท ลดเหลือ 569,000 บาท ผ่อนเริ่มต้น : 9,xxx จำนวน 84 งวด TTB: 540 / AY : 515 / KL : 495 SAE ตรวจGOO 8-6-69', JSON_ARRAY('https://www.rungniran.co.th/wp-content/uploads/2026/06/2ขพ-4300-กทม-01.jpg')),
  ('Toyota', 'REVO', 'pickupcab', 2021, 509000, 'manual', '2wd', 'diesel', 0, 'เทา', '2ฒห 5444', 'available', 0, 4, 2, '2026-05-08', '2021-06-28', 4, 1, 'Toyota Hilux Revo Smart Cab 2.4 Mid Z Edition เกียร์ ธรรมดา VAT รุ่งนิรันดร์ (6/5/69) ราคาป้ายแดง 693,000 บาท ลดเหลือ 509,000 บาท ผ่อนเริ่มต้น : 8,xxx จำนวน 84 งวด AY : 480 / KL : 484 / TTB: 440 EHZ ตรวจGOO 8-6-69', JSON_ARRAY('https://www.rungniran.co.th/wp-content/uploads/2026/06/2ฒห-5444-กทม-01.jpg')),
  ('Toyota', 'REVO', 'pickup', 2018, 379000, 'manual', '2wd', 'diesel', 0, 'ขาว', 'บล 599', 'reserved', 0, 2, 2, '2026-05-08', '2018-05-02', 1, 1, 'Toyota Hilux Revo 2.4 J Plus SWB Single Cab เกียร์ ธรรมดา VAT รุ่งนิรันดร์ (7/5/69) ราคาป้ายแดง 585,000 บาท ลดเหลือ 379,000 บาท ผ่อนเริ่มต้น : 6,xxx จำนวน 84 งวด AY : 340 / KL : 345 / TTB: 345 EAZ ตรวจGOO 16-6-69 1.89ดีเวลล์ หมี 9/6/69 (สุเมธ)', JSON_ARRAY('https://www.rungniran.co.th/wp-content/uploads/2026/06/บล-599-บุรีรัมย์-01.jpg')),
  ('Toyota', 'REVO', 'pickupcab', 2020, 439000, 'manual', '2wd', 'diesel', 0, 'ขาว', 'ผอ 3451', 'available', 0, 4, 2, '2026-05-08', '2021-02-11', 1, 1, 'Toyota Hilux Revo Smart Cab 2.4 Entry STD Z Edition เกียร์ ธรรมดา VAT รุ่งนิรันดร์ (7/5/69) ราคาป้ายแดง 619,000 บาท ลดเหลือ 439,000 บาท ผ่อนเริ่มต้น : 7,xxx จำนวน 84 งวด AY : 400 / KL : 401 / TTB: 410 ELH', JSON_ARRAY('https://www.rungniran.co.th/wp-content/uploads/2026/05/3451.jpg')),
  ('Ford', 'RANGER', 'pickupcab', 2020, 449000, 'manual', '2wd', 'diesel', 0, 'เทา', 'ผฉ 2416', 'available', 0, 4, 2, '2026-05-09', '2021-03-23', 1, 1, 'Ford Ranger All-New Open Cab 2.2 Hi-Rider XL+ Sport เกียร์ ธรรมดา VAT รุ่งนิรันดร์ (8/5/69) ราคาป้ายแดง 692,000 บาท ลดเหลือ 449,000 บาท ผ่อนเริ่มต้น : 7,xxx จำนวน 84 งวด TTB: 415 / AY : 370 / KL : ไม่จัด ESE', JSON_ARRAY('https://www.rungniran.co.th/wp-content/uploads/2026/06/ผฉ-2416-นครสวรรค์-01.jpg')),
  ('Honda', 'CITY', 'sedan', 2021, 549000, 'auto', '2wd', 'gasoline', 0, 'เทา', 'ขง 7576', 'available', 0, 5, 4, '2026-05-09', '2021-07-21', 1, 1, 'City Turbo 1.0 RS เกียร์ ออโต้ NOVAT รุ่งนิรันดร์ (8/5/69) ราคาป้ายแดง 739,000 บาท ลดเหลือ 549,000 บาท ผ่อนเริ่มต้น : 9,xxx จำนวน 84 งวด AY : 535 / KL : 480 / TTB: 495 LAb ตรวจGOO 8-6-69', JSON_ARRAY('https://www.rungniran.co.th/wp-content/uploads/2026/06/ขง-7576-สุราษฎร์ธานี-01.jpg')),
  ('Isuzu', 'D-MAX', 'pickupcab', 2021, 529000, 'manual', '2wd', 'diesel', 0, 'ดำ', 'บย 4556', 'available', 0, 4, 2, '2026-05-09', '2021-10-12', 1, 1, 'D-Max All New Blue Power Spacecab 1.9 Ddi L เกียร์ ธรรมดา VAT รุ่งนิรันดร์ (27/4/69) ราคาป้ายแดง 673,000 บาท ลดเหลือ 529,000 บาท ผ่อนเริ่มต้น : 8,xxx จำนวน 84 งวด AY : 495 / KL : 479 / TTB: 460 LSE ตรวจGOO 8-6-69', JSON_ARRAY('https://www.rungniran.co.th/wp-content/uploads/2026/05/บย-4556-ปราจีนบุรี-01.jpg')),
  ('Mitsubishi', 'TRITON', 'pickup4', 2018, 539000, 'auto', '2wd', 'diesel', 0, 'เทา', 'งล 9049', 'available', 0, 5, 4, '2026-05-12', '2020-02-14', 1, 1, 'Triton All New Double Cab 2.4 GT Premium Plus เกียร์ ออโต้ VAT รุ่งนิรันดร์ (22/4/69) ราคาป้ายแดง 983,000 บาท ลดเหลือ 539,000 บาท ผ่อนเริ่มต้น : 9,xxx จำนวน 84 งวด TTB: 530 / AY : 485 / KL : 479 LSG ตรวจGOO 25-5-69', JSON_ARRAY('https://www.rungniran.co.th/wp-content/uploads/2026/05/งล-9049-ชลบุรี-01.jpg')),
  ('Kawasaki', 'ZX-25R (ZX250KPANN)', 'motorcycle', 2021, 179000, 'manual', '2wd', 'gasoline', 0, NULL, '5ขญ 6776', 'available', 0, 2, 0, '2026-05-12', NULL, 2, 1, 'ZX-25R (ZX250KPANN) เกียร์ ธรรมดา VAT/NOVAT รุ่งนิรันดร์ AY.187,000 ราคาเงินสด 179,000 บาท (AY) ฟรีดาวน์ ค่างวด4,800 ผ่อน 60 งวด', JSON_ARRAY('https://www.rungniran.co.th/wp-content/uploads/2026/05/6776-1.jpg')),
  ('Toyota', 'REVO', 'pickupcab', 2021, 489000, 'manual', '2wd', 'diesel', 0, 'เทา', '3ฒช 4550', 'available', 0, 4, 2, '2026-05-12', NULL, 8, 3, 'Revo Cab 2.4 Entry Z Edition เกียร์ธรรมดา VAT ดีเวลล์ ราคาป้ายแดง บาท ลดเหลือ 489,000 บาท ผ่อนเริ่มต้น : จำนวน งวด AY :415 / KL :417 / TTB:410 / KK :ไม่จัด ตรวจ Goo 18-6-69', JSON_ARRAY('https://www.rungniran.co.th/wp-content/uploads/2026/06/4550.jpg')),
  ('Isuzu', 'D-MAX', 'pickupcab', 2023, 619000, 'manual', '2wd', 'diesel', 0, 'ขาว', 'ผน 2753', 'available', 0, 4, 2, '2026-05-13', '2023-09-11', 1, 1, 'D-Max All New Blue Power Spacecab 1.9 Ddi Speed X-series เกียร์ ธรรมดา VAT รุ่งนิรันดร์ (12/5/69) ราคาป้ายแดง 733,000 บาท ลดเหลือ 619,000 บาท ผ่อนเริ่มต้น : 10,xxx จำนวน 84 งวด AY : 590 / KL : 587 / TTB: 555 LHL ตรวจGOO 8-6-69', JSON_ARRAY('https://www.rungniran.co.th/wp-content/uploads/2026/05/ผน-2753-ระยอง-01.jpg')),
  ('MG', 'MG ZS', 'suv', 2018, 339000, 'auto', '2wd', 'gasoline', 0, 'ดำ', '3ขว 7208', 'available', 0, 5, 4, '2026-05-13', '2018-10-24', 1, 1, 'MG ZS 1.5 X เกียร์ ออโต้ VAT รุ่งนิรันดร์ (12/5/69) ราคาป้ายแดง 789,000 บาท ลดเหลือ 339,000 บาท ผ่อนเริ่มต้น : 5,xxx จำนวน 84 งวด TTB: 300 / KL : 274 / AY : 230 ZTI', JSON_ARRAY('https://www.rungniran.co.th/wp-content/uploads/2026/06/3ขว-7208-กทม-01.jpg')),
  ('Mitsubishi', 'TRITON', 'pickupcab', 2022, 449000, 'manual', '2wd', 'diesel', 0, 'เทา', 'ยจ 9307', 'available', 0, 4, 2, '2026-05-13', '2022-08-01', 1, 1, 'Triton All New Mega Cab 2.5 GLX เกียร์ ธรรมดา VAT รุ่งนิรันดร์ (12/5/69) ราคาป้ายแดง 650,000 บาท ลดเหลือ 449,000 บาท ผ่อนเริ่มต้น : 7,xxx จำนวน 84 งวด AY : 420 / KL : 382 / TTB: 395 ESH', JSON_ARRAY('https://www.rungniran.co.th/wp-content/uploads/2026/05/9307.jpg')),
  ('Toyota', 'REVO', 'pickupcab', 2023, 509000, 'manual', '2wd', 'diesel', 0, 'ขาว', 'บล 8570', 'available', 0, 4, 2, '2026-05-13', '2023-12-21', 4, 1, 'Toyota Hilux Revo Smart Cab 2.4 Entry Z Edition เกียร์ ธรรมดา VAT รุ่งนิรันดร์ (12/5/69) ราคาป้ายแดง 639,000 บาท ลดเหลือ 509,000 บาท ผ่อนเริ่มต้น : 8,xxx จำนวน 84 งวด AY : 480 / KL : 451 / TTB: 445 LAZ ตรวจGOO 8-6-69', JSON_ARRAY('https://www.rungniran.co.th/wp-content/uploads/2026/06/บล-8570-ชัยภูมิ-01.jpg')),
  ('Toyota', 'REVO', 'pickupcab', 2020, 439000, 'manual', '2wd', 'diesel', 0, 'เทา', 'บธ 4799', 'available', 0, 4, 2, '2026-05-14', '2020-11-18', 4, 1, 'Toyota Hilux Revo Smart Cab 2.4 Entry STD Z Edition เกียร์ ธรรมดา VAT รุ่งนิรันดร์ (13/5/69) ราคาป้ายแดง 619,000 บาท ลดเหลือ 439,000 บาท ผ่อนเริ่มต้น : 7,xxx จำนวน 84 งวด AY : 400 / KL : 401 / TTB: 390 ESE', JSON_ARRAY('https://www.rungniran.co.th/wp-content/uploads/2026/06/บธ-4799-หนองบัวลำภู-01.jpg')),
  ('Toyota', 'REVO', 'pickupcab', 2020, 489000, 'manual', '2wd', 'diesel', 0, 'เทา', '2ฒอ 2170', 'available', 0, 4, 2, '2026-05-15', '2020-04-22', 4, 1, 'Toyota Hilux Revo Smart Cab 2.4 E Z Edition เกียร์ ธรรมดา VAT รุ่งนิรันดร์ (14/5/69) ราคาป้ายแดง 690,000 บาท ลดเหลือ 489,000 บาท ผ่อนเริ่มต้น : 8,xxx จำนวน 84 งวด AY : 455 / KL : 425 / TTB: 420 ELb ตรวจGOO 16-6-69', JSON_ARRAY('https://www.rungniran.co.th/wp-content/uploads/2026/06/2ฒอ-2170-กทม-01.jpg')),
  ('Toyota', 'REVO', 'pickupcab', 2020, 489000, 'manual', '2wd', 'diesel', 0, 'เทา', '2ฒอ 2172', 'available', 0, 4, 2, '2026-05-15', '2020-04-22', 7, 1, 'Toyota Hilux Revo Smart Cab 2.4 E Z Edition เกียร์ ธรรมดา VAT รุ่งนิรันดร์ (14/5/69) ราคาป้ายแดง 690,000 บาท ลดเหลือ 489,000 บาท ผ่อนเริ่มต้น : 8,xxx จำนวน 84 งวด AY : 455 / KL : 425 / TTB: 420 EbG ตรวจGOO 8-6-69', JSON_ARRAY('https://www.rungniran.co.th/wp-content/uploads/2026/05/2ฒอ-2172-กทม-01.jpg')),
  ('Toyota', 'YARIS', 'sedan', 2022, 459000, 'auto', '2wd', 'gasoline', 0, 'ขาว', 'งธ 6775', 'available', 0, 5, 4, '2026-05-15', '2022-03-23', 1, 1, 'Yaris 1.2 Entry เกียร์ ออโต้ VAT รุ่งนิรันดร์ (14/5/69) ราคาป้ายแดง 549,000 บาท ลดเหลือ 459,000 บาท ผ่อนเริ่มต้น : 7,xxx จำนวน 84 งวด KL : 428 / TTB: 410 / AY : 355 ETE ตรวจGOO 8-6-69', JSON_ARRAY('https://www.rungniran.co.th/wp-content/uploads/2026/06/งธ-6775-นครราชสีมา-01.jpg')),
  ('Ford', 'RANGER', 'pickupcab', 2015, 369000, 'manual', '2wd', 'diesel', 0, 'ขาว', 'บน 8845', 'available', 0, 4, 2, '2026-05-15', '2016-03-24', 1, 1, 'Ford Ranger All-New Open Cab 2.2 Hi-Rider XLT เกียร์ ธรรมดา NOVAT รุ่งนิรันดร์ (15/5/69) ราคาป้ายแดง 749,000 บาท ลดเหลือ 369,000 บาท ผ่อนเริ่มต้น : 6,xxx จำนวน 84 งวด TTB: 330 / AY : 290 / KL : ไม่จัด ZLZ ตรวจGOO 26-5-69', JSON_ARRAY('https://www.rungniran.co.th/wp-content/uploads/2026/05/บน-8845-นครพนม-01.jpg')),
  ('Mitsubishi', 'TRITON', 'pickupcab', 2017, 349000, 'manual', '2wd', 'diesel', 0, 'ขาว', 'บบ 7041', 'available', 0, 4, 2, '2026-05-15', '2017-09-18', 1, 1, 'Triton All New Mega Cab 2.5 GLX เกียร์ ธรรมดา VAT รุ่งนิรันดร์ (15/5/69) ราคาป้ายแดง 620,000 บาท ลดเหลือ 349,000 บาท ผ่อนเริ่มต้น : 5,xxx จำนวน 84 งวด AY : 290 / KL : 276 / TTB: 295 ZGG', JSON_ARRAY('https://www.rungniran.co.th/wp-content/uploads/2026/05/7041.jpg')),
  ('Honda', 'HR-V', 'suv', 2017, 549000, 'auto', '2wd', 'gasoline', 0, 'เทา', 'กท 9653', 'available', 0, 5, 4, '2026-05-18', '2017-12-14', 1, 1, 'HR-V 1.8 E Limited เกียร์ ออโต้ NO VAT รุ่งนิรันดร์ (18/5/69) ราคาป้ายแดง 1,050,000 บาท ลดเหลือ 549,000 บาท ผ่อนเริ่มต้น : 9,xxx จำนวน 84 งวด AY : 535 / KL : 480 / TTB: 445 LIA ตรวจGOO 8-6-69', JSON_ARRAY('https://www.rungniran.co.th/wp-content/uploads/2026/06/กท-9653-สกลนคร-01.jpg')),
  ('Toyota', 'REVO', 'pickupcab', 2019, 459000, 'manual', '2wd', 'diesel', 0, 'ขาว', 'บษ 7468', 'available', 0, 4, 2, '2026-05-18', NULL, 1, 3, 'Revo Cab 2.4 Z Edition E เกียร์ธรรมดา VAT ดีเวลล์ LEZ ราคาป้ายแดง 685,000 บาท ลดเหลือ 459,000 บาท AY95 ผ่อนเริ่มต้น : 7,xxx จำนวน 84 งวด AY : 430 / TTB : 405', JSON_ARRAY('https://www.rungniran.co.th/wp-content/uploads/2026/05/7468.jpg')),
  ('Toyota', 'YARIS', 'sedan', 2016, 339000, 'auto', '2wd', 'gasoline', 0, 'เทา', 'กพ 9369', 'available', 0, 5, 4, '2026-05-19', '2016-02-26', 2, 2, 'Yaris 1.2 E เกียร์ ออโต้ VAT ดีรุ่งเรือง (18/5/69) ราคาป้ายแดง 549,000 บาท ลดเหลือ 339,000 บาท ผ่อนเริ่มต้น : 5,xxx จำนวน 84 งวด KL : 296 / TTB: 250 / AY : 250 ZHA ตรวจGOO 16-6-69', JSON_ARRAY('https://www.rungniran.co.th/wp-content/uploads/2026/06/กพ-9369-อยุธยา-01.jpg')),
  ('Isuzu', 'D-MAX', 'pickupcab', 2022, 499000, 'manual', '2wd', 'diesel', 0, 'ขาว', 'ผก 7014', 'available', 0, 4, 2, '2026-05-19', '2022-06-15', 1, 3, 'D-Max All New Cab 1.9 Ddi S เกียร์ธรรมดา VAT ดีเวลล์ 19/5/69 LAL ราคาป้ายแดง 615,000 บาท ลดเหลือ 499,000 บาท ผ่อนเริ่มต้น : 8,xxx จำนวน 84 งวด AY : 470 / KL : 427 / TTB: 475', JSON_ARRAY('https://www.rungniran.co.th/wp-content/uploads/2026/05/7014.jpg')),
  ('Toyota', 'YARIS', 'sedan', 2022, 519000, 'auto', '2wd', 'gasoline', 0, 'เทา', '2ขฎ 9662', 'available', 0, 5, 4, '2026-05-19', '2022-09-14', 1, 1, 'Yaris 1.2 Sport Premium เกียร์ ออโต้ VAT รุ่งนิรันดร์ (19/5/69) ราคาป้ายแดง 679,000 บาท ลดเหลือ 519,000 บาท ผ่อนเริ่มต้น : 8,xxx จำนวน 84 งวด KL : 520 / TTB: 490 / AY : 450 LAT ตรวจGOO 16-6-69', JSON_ARRAY('https://www.rungniran.co.th/wp-content/uploads/2026/06/3ขฎ-9662-กทม-01.jpg')),
  ('Toyota', 'YARIS', 'sedan', 2020, 439000, 'auto', '2wd', 'gasoline', 0, 'ขาว', '1ขข 4362', 'available', 0, 5, 4, '2026-05-19', '2020-06-17', 1, 1, 'Yaris ATIV 1.2 Mid เกียร์ ออโต้ VAT รุ่งนิรันดร์ (19/5/69) ราคาป้ายแดง 579,000 บาท ลดเหลือ 439,000 บาท ผ่อนเริ่มต้น : 7,xxx จำนวน 84 งวด KL : 413 / TTB: 365 / AY : 350 EEG ตรวจGOO 8-6-69', JSON_ARRAY('https://www.rungniran.co.th/wp-content/uploads/2026/05/1ขข-4362-กทม-01.jpg')),
  ('Ford', 'RANGER', 'pickupcab', 2019, 399000, 'manual', '2wd', 'diesel', 0, 'ดำ', 'บม 5356', 'available', 0, 4, 2, '2026-05-21', '2019-12-20', 1, 1, 'Ford Ranger All-New Open Cab 2.2 Hi-Rider XLS เกียร์ ธรรมดา VAT รุ่งนิรันดร์ (20/5/69) ราคาป้ายแดง 699,000 บาท ลดเหลือ 399,000 บาท ผ่อนเริ่มต้น : 6,xxx จำนวน 84 งวด TTB: 365 / AY : 340 / KL : ไม่จัด EZb', JSON_ARRAY('https://www.rungniran.co.th/wp-content/uploads/2026/05/5356.jpg')),
  ('Mitsubishi', 'XPANDER', 'suv', 2019, 509000, 'auto', '2wd', 'gasoline', 0, 'ดำ', 'งต 506', 'reserved', 0, 5, 4, '2026-05-21', '2020-09-23', 1, 1, 'Xpander 1.5 GT เกียร์ ออโต้ VAT รุ่งนิรันดร์ (20/5/69) ราคาป้ายแดง 863,000 บาท ลดเหลือ 509,000 บาท ผ่อนเริ่มต้น : 8,xxx จำนวน 84 งวด TTB: 500 / AY : 455 / KL : 434 LGb ตรวจGOO 16-6-69 1.สนญ. เบนซ์ 27/5/69 (ศักดิ์สิทธิ์)', JSON_ARRAY('https://www.rungniran.co.th/wp-content/uploads/2026/06/งต-506-ขอนแก่น-01.jpg')),
  ('Yamaha', 'X-MAX300 (B5XD00)', 'motorcycle', 2021, 139000, 'auto', '2wd', 'gasoline', 0, NULL, '5กช 7867', 'reserved', 0, 2, 0, '2026-05-22', NULL, 2, 1, 'X-MAX300 (B5XD00) เกียร์ ออโต้ VAT/NOVAT รุ่งนิรันดร์ CIMB.120,600 AY.143,100 ราคาเงินสด 139,000 บาท (AY) ฟรีดาวน์ ค่างวด 3,800 ผ่อน 60 งวด 1.ดีรุ่งเรือง ทราย 18/6/69 (สนิท)', JSON_ARRAY('https://www.rungniran.co.th/wp-content/uploads/2026/05/7867.jpg')),
  ('Toyota', 'REVO', 'pickupcab', 2022, 489000, 'manual', '2wd', 'diesel', 0, 'ขาว', 'ยข 6319', 'reserved', 0, 4, 2, '2026-05-22', '2022-12-14', 1, 3, 'Revo Smart Cab 2.4 MID Z Edition เกียร์ธรรมดา VAT ดีเวลล์ LAH ราคาป้ายแดง 629,000 บาท ลดเหลือ 489,000 บาท ผ่อนเริ่มต้น : 8,xxx จำนวน 84 งวด AY : 455 / KL : 430 / TTB: 435 1.89 ดีเวลล์ ส้ม 11/6/69 (นวลละออง)', JSON_ARRAY('https://www.rungniran.co.th/wp-content/uploads/2026/05/6319.jpg')),
  ('Honda', 'CITY', 'sedan', 2021, 469000, 'auto', '2wd', 'gasoline', 0, 'ดำ', '1ขห 2792', 'available', 0, 5, 4, '2026-05-22', '2021-03-25', 4, 1, 'City Turbo 1.0 S+ (Hatchback) เกียร์ ออโต้ VAT รุ่งนิรันดร์ (21/5/69) ราคาป้ายแดง 599,000 บาท ลดเหลือ 469,000 บาท ผ่อนเริ่มต้น : 8,xxx จำนวน 84 งวด AY : 440 / KL : 439 / TTB: 430 ETA ตรวจGOO 16-6-69', JSON_ARRAY('https://www.rungniran.co.th/wp-content/uploads/2026/06/1ขห-2792-กทม-01.jpg')),
  ('MG', 'MG ZS', 'suv', 2018, 349000, 'auto', '2wd', 'gasoline', 0, 'ขาว', '8กฆ 8793', 'reserved', 0, 5, 4, '2026-05-22', '2018-12-24', 1, 1, 'MG ZS 1.5 X เกียร์ ออโต้ VAT รุ่งนิรันดร์ (21/5/69) ราคาป้ายแดง 789,000 บาท ลดเหลือ 349,000 บาท ผ่อนเริ่มต้น : 5,xxx จำนวน 84 งวด TTB: 300 / KL : 274 / AY : 230 ZGG 1.โคราช เอ็ม 3/6/69 (จิรัชญา)', JSON_ARRAY('https://www.rungniran.co.th/wp-content/uploads/2026/05/8793.jpg')),
  ('Mazda', 'MAZDA2', 'sedan', 2019, 419000, 'auto', '2wd', 'gasoline', 0, 'ดำ', '1ขห 8831', 'available', 0, 5, 4, '2026-05-22', '2020-03-18', 1, 1, 'Mazda 2 1.3 Skyactiv-G S Leather Sedan เกียร์ ออโต้ VAT รุ่งนิรันดร์ (21/5/69) ราคาป้ายแดง 648,000 บาท ลดเหลือ 419,000 บาท ผ่อนเริ่มต้น : 6,xxx จำนวน 84 งวด TTB: 385 / KL : 354 / AY : 265 EIH', JSON_ARRAY('https://www.rungniran.co.th/wp-content/uploads/2026/06/1ขห-8831-กทม-01.jpg')),
  ('Mazda', 'MAZDA2', 'sedan', 2018, 379000, 'auto', '2wd', 'gasoline', 0, 'ขาว', 'กบ 3080', 'available', 0, 5, 4, '2026-05-23', '2018-04-11', 1, 1, 'Mazda 2 1.3 Skyactiv Sports High Plus เกียร์ ออโต้ VAT รุ่งนิรันดร์ (22/5/69) ราคาป้ายแดง 670,000 บาท ลดเหลือ 379,000 บาท ผ่อนเริ่มต้น : 6,xxx จำนวน 84 งวด KL : 334 / TTB: 320 / AY : 250 EIA', JSON_ARRAY('https://www.rungniran.co.th/wp-content/uploads/2026/05/3080.jpg')),
  ('Mitsubishi', 'TRITON', 'pickupcab', 2018, 389000, 'manual', '2wd', 'diesel', 0, 'เทา', 'บธ 4932', 'reserved', 0, 4, 2, '2026-05-23', '2018-08-20', 1, 1, 'Triton All New Mega Cab 2.4 GLS Ltd Plus เกียร์ ธรรมดา VAT รุ่งนิรันดร์ (22/5/69) ราคาป้ายแดง 737,000 บาท ลดเหลือ 389,000 บาท ผ่อนเริ่มต้น : 6,xxx จำนวน 84 งวด TTB: 355 / AY : 345 / KL : 328 EEb 1.สนง.ใหญ่ เบนซ์ 11/6/69 (ธีระวัฒน์)', JSON_ARRAY('https://www.rungniran.co.th/wp-content/uploads/2026/06/บธ-4932-สมุทรปราการ-01.jpg')),
  ('Toyota', 'VIOS', 'sedan', 2016, 349000, 'auto', '2wd', 'gasoline', 0, 'ดำ', 'กฉ 1410', 'reserved', 0, 5, 4, '2026-05-25', '2016-11-28', 1, 1, 'Vios 1.5 G เกียร์ ออโต้ VAT รุ่งนิรันดร์ (23/5/69) ราคาป้ายแดง 714,000 บาท ลดเหลือ 349,000 บาท ผ่อนเริ่มต้น : 5,xxx จำนวน 84 งวด AY : 315 / KL : 319 / TTB: 315 ZHS 1.89ดีเวลล์ ส้ม 6/6/69 (ผ่อนศรี)', JSON_ARRAY('https://www.rungniran.co.th/wp-content/uploads/2026/06/1410.jpg')),
  ('Mitsubishi', 'TRITON', 'pickupcab', 2016, 339000, 'manual', '2wd', 'diesel', 0, 'ดำ', '1ฒฬ 7886', 'available', 0, 4, 2, '2026-05-25', '2017-01-18', 1, 1, 'Triton All New Mega Cab 2.5 GLX เกียร์ ธรรมดา VAT รุ่งนิรันดร์ (23/5/69) ราคาป้ายแดง 620,000 บาท ลดเหลือ 339,000 บาท ผ่อนเริ่มต้น : 5,xxx จำนวน 84 งวด TTB: 295 / AY : 285 / KL : 259 ZZG', JSON_ARRAY('https://www.rungniran.co.th/wp-content/uploads/2026/05/7886.jpg')),
  ('Mitsubishi', 'TRITON', 'pickup4', 2016, 439000, 'auto', '2wd', 'diesel', 0, 'ขาว', 'กว 6384', 'available', 0, 5, 4, '2026-05-25', '2016-06-28', 1, 1, 'Triton Double Cab 2.4 GLS Ltd Plus เกียร์ออโต้ VAT รุ่งนิรันดร์ 25/5/69 ETZ ราคาป้ายแดง 854,000 บาท ลดเหลือ 439,000 บาท AY100 ผ่อนเริ่มต้น : 7,xxx จำนวน 84 งวด AY : 390 / KL : 364 / TTB : 400', JSON_ARRAY('https://www.rungniran.co.th/wp-content/uploads/2026/06/6384.jpg')),
  ('Isuzu', 'D-MAX', 'pickup4', 2019, 469000, 'manual', '2wd', 'diesel', 0, 'ขาว', 'กน 842', 'available', 0, 5, 4, '2026-05-26', '2019-11-07', 1, 2, 'D-Max All New Blue Power Cab-4 1.9 Ddi S เกียร์ ธรรมดา VAT ดีรุ่งเรือง (26/5/69) ราคาป้ายแดง 676,000 บาท ลดเหลือ 469,000 บาท ผ่อนเริ่มต้น : 8,xxx จำนวน 84 งวด TTB: 435 / KL : 426 / AY : 400 LAS', JSON_ARRAY('https://www.rungniran.co.th/wp-content/uploads/2026/05/842-2.jpg')),
  ('Mazda', 'BT-50', 'pickup4', 2016, 419000, 'auto', '2wd', 'diesel', 0, 'ขาว', '5กภ 4866', 'available', 0, 5, 4, '2026-05-26', '2016-10-11', 1, 2, 'Mazda BT-50 Pro Double Cab 2.2 Hi-Racer (ABS/LST) เกียร์ ออโต้ VAT ดีรุ่งเรือง (26/5/69) ราคาป้ายแดง 893,000 บาท ลดเหลือ 419,000 บาท ผ่อนเริ่มต้น : 6,xxx จำนวน 84 งวด KL : 365 / TTB: 345 / AY : 300 EZG', JSON_ARRAY('https://www.rungniran.co.th/wp-content/uploads/2026/05/4866-2.jpg')),
  ('Ford', 'RANGER', 'pickupcab', 2019, 379000, 'manual', '2wd', 'diesel', 0, 'ขาว', 'บม 9628', 'reserved', 0, 4, 2, '2026-05-27', '2019-08-02', 5, 1, 'Ford Ranger All-New Open Cab 2.2 Hi-Rider XLS เกียร์ ธรรมดา VAT รุ่งนิรันดร์ (26/5/69) ราคาป้ายแดง 663,000 บาท ลดเหลือ 379,000 บาท ผ่อนเริ่มต้น : 6,xxx จำนวน 84 งวด AY : 340 / TTB: 345 XL+ / KL : ไม่จัด EZE 1.บึงกาฬ บีม 8/6/69 (ธัญชนก)', JSON_ARRAY('https://www.rungniran.co.th/wp-content/uploads/2026/06/บม-9628-เลย-01.jpg')),
  ('Nissan', 'NAVARA', 'pickupcab', 2018, 339000, 'manual', '2wd', 'diesel', 0, 'เทา', 'ผม 810', 'available', 0, 4, 2, '2026-05-27', '2018-11-09', 1, 1, 'NP300 Navara King Cab 2.5 E เกียร์ ธรรมดา VAT รุ่งนิรันดร์ (26/5/69) ราคาป้ายแดง 667,000 บาท ลดเหลือ 339,000 บาท ผ่อนเริ่มต้น : 5,xxx จำนวน 84 งวด TTB: 295 / KL : 264 / AY : 215 ZHE', JSON_ARRAY('https://www.rungniran.co.th/wp-content/uploads/2026/05/810.jpg')),
  ('Suzuki', 'SWIFT', 'sedan', 2018, 399000, 'auto', '2wd', 'gasoline', 0, 'แดง', 'กบ 2125', 'available', 0, 5, 4, '2026-05-27', '2018-04-28', 1, 1, 'Swift 1.2 GLX Navi เกียร์ ออโต้ VAT รุ่งนิรันดร์ (26/5/69) ราคาป้ายแดง 629,000 บาท ลดเหลือ 399,000 บาท ผ่อนเริ่มต้น : 6,xxx จำนวน 84 งวด TTB: 345 / KL : 341 / AY : 235 ESb', JSON_ARRAY('https://www.rungniran.co.th/wp-content/uploads/2026/05/2125.jpg')),
  ('Toyota', 'VIOS', 'sedan', 2019, 459000, 'auto', '2wd', 'gasoline', 0, 'ขาว', 'ขฉ 93', 'available', 0, 5, 4, '2026-05-27', '2019-09-27', 7, 1, 'Vios 1.5 High เกียร์ ออโต้ VAT รุ่งนิรันดร์ (26/5/69) ราคาป้ายแดง 789,000 บาท ลดเหลือ 459,000 บาท ผ่อนเริ่มต้น : 7,xxx จำนวน 84 งวด AY : 430 / KL : 435 / TTB: 415 EbA ตรวจGOO 16-6-69', JSON_ARRAY('https://www.rungniran.co.th/wp-content/uploads/2026/06/ขฉ-93-นครศรีธรรมราช-01.jpg')),
  ('Toyota', 'REVO', 'pickup4', 2022, 749000, 'auto', '2wd', 'diesel', 0, 'เทา', '3ขจ 5209', 'available', 0, 5, 4, '2026-05-27', '2022-06-28', 1, 1, 'Toyota Hilux Revo Double Cab 2.4 High Prerunner เกียร์ ออโต้ VAT รุ่งนิรันดร์ (27/5/69) ราคาป้ายแดง 1,032,000 บาท ลดเหลือ 749,000 บาท ผ่อนเริ่มต้น : 12,xxx จำนวน 84 งวด AY : 745 / KL : 779 / TTB: 785 bIG ตรวจGOO 16-6-69', JSON_ARRAY('https://www.rungniran.co.th/wp-content/uploads/2026/06/3ขจ-5209-กทม-01.jpg')),
  ('Toyota', 'REVO', 'pickupcab', 2021, 509000, 'manual', '2wd', 'diesel', 0, 'เทา', '3ฒฒ 5222', 'available', 0, 4, 2, '2026-05-28', '2021-11-24', 1, 3, 'Revo Smart Cab 2.4 Mid Z Edition เกียร์ ธรรมดา VAT ดีเวลล์ LAT ราคาป้ายแดง 693,000 บาท ลดเหลือ 509,000 บาท AY95 ผ่อนเริ่มต้น : 8,xxx จำนวน 84 งวด AY : 480 / KL : 484 / TTB : 440', JSON_ARRAY('https://www.rungniran.co.th/wp-content/uploads/2026/05/5222.jpg')),
  ('Toyota', 'REVO', 'pickupcab', 2021, 509000, 'manual', '2wd', 'diesel', 0, 'เทา', 'ผน 4402', 'available', 0, 4, 2, '2026-05-28', '2021-11-16', 1, 1, 'Toyota Hilux Revo Smart Cab 2.4 Mid Z Edition เกียร์ ธรรมดา VAT รุ่งนิรันดร์ (28/5/69) ราคาป้ายแดง 693,000 บาท ลดเหลือ 509,000 บาท ผ่อนเริ่มต้น : 8,xxx จำนวน 84 งวด AY : 480 / KL : 484 / TTB: 440 LIA', JSON_ARRAY('https://www.rungniran.co.th/wp-content/uploads/2026/06/ผน-4402-อุบลราชธานี-01.jpg')),
  ('Honda', 'FORZA350RS (NSS350AP 2TH)', 'motorcycle', 2023, 189000, 'auto', '2wd', 'gasoline', 0, NULL, '6ขอ 277', 'available', 0, 2, 0, '2026-05-28', NULL, 2, 1, 'FORZA350RS (NSS350AP 2TH) เกียร์ ออโต้ VAT/NOVAT รุ่งนิรันดร์ AY.186,300 CIMB.173,500 ราคาเงินสด 189,000 บาท (CIMB) ฟรีดาวน์ ค่างวด 5,500 ผ่อน 60 งวด', JSON_ARRAY('https://www.rungniran.co.th/wp-content/uploads/2026/06/277-2.jpg')),
  ('Yamaha', 'X-MAX300 (B5XD00)', 'motorcycle', 2021, 139000, 'auto', '2wd', 'gasoline', 0, NULL, '3ขฐ 2935', 'available', 0, 2, 0, '2026-05-28', NULL, 1, 1, 'X-MAX300 (B5XD00) เกียร์ ธรรมดา VAT/NOVAT รุ่งนิรันดร์ CIMB.120,600 AY.143,100 ราคาเงินสด 139,000 บาท (AY) ฟรีดาวน์ ค่างวด3,800 ผ่อน 60 งวด', JSON_ARRAY('https://www.rungniran.co.th/wp-content/uploads/2026/05/2935-0.jpg')),
  ('Suzuki', 'SWIFT', 'sedan', 2021, 399000, 'auto', '2wd', 'gasoline', 0, 'ขาว', '2ขต 5986', 'reserved', 0, 5, 4, '2026-05-29', '2021-10-27', 1, 1, 'Swift 1.2 GL เกียร์ ออโต้ VAT รุ่งนิรันดร์ ราคาป้ายแดง 557,000 บาท ลดเหลือ 399,000 บาท ผ่อนเริ่มต้น : 6,xxx จำนวน 84 งวด TTB: 330 / KL : 319 / AY : 230 ELG ตรวจGOO 8-6-69 (E) 1.สนญ. หนุ่ย 5/6/69 (สมฤทัย)', JSON_ARRAY('https://www.rungniran.co.th/wp-content/uploads/2026/06/2ขต-5986-กทม-01.jpg')),
  ('Honda', 'CIVIC', 'sedan', 2019, 639000, 'auto', '2wd', 'gasoline', 0, 'ขาว', '9กว 4620', 'available', 0, 5, 4, '2026-05-30', '2020-03-23', 1, 1, 'Civic 1.8 EL เกียร์ ออโต้ NO VAT รุ่งนิรันดร์ (30/5/69) ราคาป้ายแดง 964,000 บาท ลดเหลือ 639,000 บาท ผ่อนเริ่มต้น : 11,xxx จำนวน 84 งวด AY : 655 / KL : 633 / TTB: 635 LHb ตรวจGOO 16-6-69', JSON_ARRAY('https://www.rungniran.co.th/wp-content/uploads/2026/06/9กว-4620-กทม-01.jpg')),
  ('Nissan', 'NOTE', 'sedan', 2018, 339000, 'auto', '2wd', 'gasoline', 0, 'ขาว', '8กง 2592', 'reserved', 0, 5, 4, '2026-05-30', '2019-01-16', 1, 1, 'Note 1.2 V เกียร์ ออโต้ NO VAT รุ่งนิรันดร์ (30/5/69) ราคาป้ายแดง 609,000 บาท ลดเหลือ 339,000 บาท ผ่อนเริ่มต้น : 5,xxx จำนวน 84 งวด TTB: 285 / KL : 241 / AY : 140 ZHH ตรวจGOO 16-6-69 1.โคราช เอม 15/6/69 (เด่นชัย)', JSON_ARRAY('https://www.rungniran.co.th/wp-content/uploads/2026/06/8กง-2592-กทม-01-1.jpg')),
  ('Ford', 'RANGER', 'pickup4', 2017, 509000, 'auto', '2wd', 'diesel', 0, 'ส้ม', 'ขม 2390', 'reserved', 0, 5, 4, '2026-05-30', '2017-10-27', 1, 1, 'Ford Ranger All-New Double Cab 2.2 Hi-Rider Wildtrak (MNC) (Navi) เกียร์ ออโต้ NOVAT รุ่งนิรันดร์ (30/5/69) *ต้องมีfixman* ราคาป้ายแดง 995,000 บาท ลดเหลือ 509,000 บาท ผ่อนเริ่มต้น : 8,xxx จำนวน 84 งวด TTB: 485 / AY : 440 / KL : ไม่จัด ESA 1.บึงกาฬ ฟ้า 17/6/69 (กัลย์กมล)', JSON_ARRAY('https://www.rungniran.co.th/wp-content/uploads/2026/06/ขม-2390-อุดรธานี-01.jpg')),
  ('Isuzu', 'D-MAX', 'pickupcab', 2022, 499000, 'manual', '2wd', 'diesel', 0, 'ขาว', 'ผก 1781', 'available', 0, 4, 2, '2026-06-02', '2022-06-07', 1, 1, 'D-Max All New Blue Power Spacecab 1.9 Ddi S เกียร์ ธรรมดา VAT รุ่งนิรันดร์ (29/5/69) ราคาป้ายแดง 615,000 บาท ลดเหลือ 499,000 บาท ผ่อนเริ่มต้น : 8,xxx จำนวน 84 งวด AY : 470 / KL : 475 / TTB: 475 EHL', JSON_ARRAY('https://www.rungniran.co.th/wp-content/uploads/2026/06/1781.jpg')),
  ('Mazda', 'BT-50', 'pickupcab', 2019, 379000, 'manual', '2wd', 'diesel', 0, 'ดำ', 'ยต 9406', 'available', 0, 4, 2, '2026-06-02', NULL, 1, 2, 'BT-50 Pro Freestyle Cab 2.2 Hi-Racer Thunder เกียร์ธรรมดา VAT รุ่งนิรันดร์ ราคาป้ายแดง 511,000 บาท ลดเหลือ 379,000 บาท ผ่อนเริ่มต้น : 6,xxx จำนวน 84 งวด KL : 331 / TTB : 330 / AY : 270 EZL', JSON_ARRAY('https://www.rungniran.co.th/wp-content/uploads/2026/06/9406.jpg')),
  ('Mitsubishi', 'TRITON', 'pickupcab', 2020, 399000, 'manual', '2wd', 'diesel', 0, 'เทา', 'ยท 4314', 'available', 0, 4, 2, '2026-06-02', '2020-11-05', 1, 1, 'Triton Cab 2.5 GLX 5SP เกียร์ธรรมดา VAT รุ่งนิรันดร์ 1-6-69 ESE ราคาป้ายแดง 637,000 บาท ลดเหลือ 399,000 บาท TTB95 ผ่อนเริ่มต้น : 7,xxx จำนวน 84 งวด AY : 335 / KL : 308 / TTB : 360', JSON_ARRAY('https://www.rungniran.co.th/wp-content/uploads/2026/06/4314.jpg')),
  ('Toyota', 'REVO', 'pickup4', 2019, 599000, 'manual', '2wd', 'diesel', 0, 'ดำ', 'ขง 1618', 'available', 0, 5, 4, '2026-06-02', '2025-01-24', 1, 1, 'Toyota Hilux Revo Double Cab 2.4 G Prerunner Navi เกียร์ ธรรมดา VAT รุ่งนิรันดร์ (1/6/69) ราคาป้ายแดง 909,000 บาท ลดเหลือ 599,000 บาท ผ่อนเริ่มต้น : 9,xxx จำนวน 84 งวด AY : 575 / KL : 590 / TTB: 585 SEZ', JSON_ARRAY('https://www.rungniran.co.th/wp-content/uploads/2026/06/1618.jpg')),
  ('Toyota', 'REVO', 'pickupcab', 2021, 449000, 'manual', '2wd', 'diesel', 0, 'เทา', 'ผอ 8115', 'available', 0, 4, 2, '2026-06-02', '2021-06-18', 1, 1, 'Toyota Hilux Revo Smart Cab 2.4 Entry Z Edition เกียร์ ธรรมดา VAT รุ่งนิรันดร์ (1/6/69) ราคาป้ายแดง 619,000 บาท ลดเหลือ 449,000 บาท ผ่อนเริ่มต้น : 7,xxx จำนวน 84 งวด AY : 415 / KL : 417 / TTB: 410 ELA', JSON_ARRAY('https://www.rungniran.co.th/wp-content/uploads/2026/06/8115.jpg')),
  ('Toyota', 'YARIS', 'sedan', 2016, 329000, 'auto', '2wd', 'gasoline', 0, 'เทา', 'กต 8567', 'available', 0, 5, 4, '2026-06-02', '2016-12-09', 1, 1, 'Yaris 1.2 J เกียร์ออโต้ VAT รุ่งนิรันดร์ 1/6/69 ZHA ราคาป้ายแดง 519,000 บาท ลดเหลือ 329,000 บาท KL95 ผ่อนเริ่มต้น : 5,xxx จำนวน 84 งวด KL : 292 / AY : 245 / TTB : 235', JSON_ARRAY('https://www.rungniran.co.th/wp-content/uploads/2026/06/8567.jpg')),
  ('Toyota', 'YARIS', 'sedan', 2016, 359000, 'auto', '2wd', 'gasoline', 0, 'เทา', 'กต 9478', 'available', 0, 5, 4, '2026-06-02', '2017-01-06', 1, 1, 'Yaris 1.2 G เกียร์ออโต้ VAT รุ่งนิรันดร์ EIS ราคาป้ายแดง 599,000 บาท ลดเหลือ 359,000 บาท KL95 ผ่อนเริ่มต้น : 6,xxx จำนวน 84 งวด AY : 270 / KL : 318 / TTB : 300', JSON_ARRAY('https://www.rungniran.co.th/wp-content/uploads/2026/06/9478.jpg')),
  ('Isuzu', 'D-MAX', 'pickup4', 2018, 509000, 'manual', '2wd', 'diesel', 0, 'แดง', 'กบ 1170', 'available', 0, 5, 4, '2026-06-02', '2018-10-05', 1, 2, 'D-Max All New Blue Power Cab-4 1.9 Ddi Z Speed X-series เกียร์ ธรรมดา VAT ดีรุ่งเรือง (1/6/69) ราคาป้ายแดง 836,000 บาท ลดเหลือ 509,000 บาท ผ่อนเริ่มต้น : 8,xxx จำนวน 84 งวด KL : 480 / TTB: 480 / AY : 420 EHE', JSON_ARRAY('https://www.rungniran.co.th/wp-content/uploads/2026/06/1170.jpg')),
  ('Isuzu', 'D-MAX', 'pickupcab', 2022, 509000, 'manual', '2wd', 'diesel', 0, 'ขาว', '3ฒน 7430', 'available', 0, 4, 2, '2026-06-03', '2022-06-28', 1, 1, 'D-Max Cab 3.0 S เกียร์ธรรมดา VAT รุ่งนิรันดร์ LZS ราคาป้ายแดง 638,000 บาท ลดเหลือ 509,000 บาท AY95 ผ่อนเริ่มต้น : 8,xxx จำนวน 84 งวด AY : 485 / KL : 482 / TTB : 470', JSON_ARRAY('https://www.rungniran.co.th/wp-content/uploads/2026/06/7430.jpg')),
  ('Isuzu', 'D-MAX', 'pickupcab', 2016, 369000, 'manual', '2wd', 'diesel', 0, 'เทา', '3ฒพ 9560', 'available', 0, 4, 2, '2026-06-03', '2016-06-14', 1, 1, 'D-Max Cab 1.9 S เกียร์ธรรมดา VAT รุ่งนิรันดร์ 2/6/69 EZE ราคาป้ายแดง 590,000 บาท ลดเหลือ 369,000 บาท KL95 ผ่อนเริ่มต้น : 6,xxx จำนวน 84 งวด AY : 300 / KL : 330 / TTB : 330', JSON_ARRAY('https://www.rungniran.co.th/wp-content/uploads/2026/06/9560.jpg')),
  ('Isuzu', 'D-MAX', 'pickupcab', 2022, 519000, 'manual', '2wd', 'diesel', 0, 'เทา', 'ผธ 4170', 'available', 0, 4, 2, '2026-06-03', '2023-02-01', 1, 1, 'D-Max Cab 1.9 S DA เกียร์ธรรมดา VAT รุ่งนิรันดร์ (2/6/69) LZA ราคาป้ายแดง 635,000 บาท ลดเหลือ 519,000 บาท AY95 ผ่อนเริ่มต้น : 8,xxx จำนวน 84 งวด AY : 495 / KL : 485 / TTB : 505', JSON_ARRAY('https://www.rungniran.co.th/wp-content/uploads/2026/06/4170.jpg')),
  ('Mitsubishi', 'TRITON', 'pickupcab', 2017, 359000, 'manual', '2wd', 'diesel', 0, 'เทา', 'บร 8518', 'available', 0, 4, 2, '2026-06-03', '2017-06-28', 1, 1, 'Triton Cab 2.5 GLX เกียร์ธรรมดา VAT รุ่งนิรันดร์ EIH ราคาป้ายแดง 613,000 บาท ลดเหลือ 359,000 บาท AY up10*95 ผ่อนเริ่มต้น : 5,xxx จำนวน 84 งวด AY : 290 / KL : 276 / TTB : 295', JSON_ARRAY('https://www.rungniran.co.th/wp-content/uploads/2026/06/บร-8518-ฉะเชิงเทรา-01.jpg')),
  ('Mazda', 'MAZDA2', 'sedan', 2019, 379000, 'auto', '2wd', 'gasoline', 0, 'ขาว', '9กฌ 2562', 'available', 0, 5, 4, '2026-06-03', '2019-10-24', 1, 1, 'Mazda 2 1.3 Skyactiv Sports High Plus เกียร์ ออโต้ VAT รุ่งนิรันดร์ (3/6/69) ราคาป้ายแดง 670,000 บาท ลดเหลือ 379,000 บาท ผ่อนเริ่มต้น : 6,xxx จำนวน 84 งวด TTB: 335 / KL : 330 con / AY : 260 ZGT', JSON_ARRAY('https://www.rungniran.co.th/wp-content/uploads/2026/06/2562.jpg')),
  ('Toyota', 'YARIS', 'sedan', 2019, 399000, 'auto', '2wd', 'gasoline', 0, 'ดำ', '9กช 7698', 'available', 0, 5, 4, '2026-06-03', '2019-10-09', 1, 1, 'Yaris Ativ 1.2 E เกียร์ออโต้ VAT รุ่งนิรันดร์ 3/6/69 ราคาป้ายแดง 559,000 บาท ลดเหลือ 399,000 บาท KL90 ผ่อนเริ่มต้น : 6,จำนวน งวด KL : 386 / AY : 320 / TTB : 355 ZGT', JSON_ARRAY('https://www.rungniran.co.th/wp-content/uploads/2026/06/7698.jpg')),
  ('Toyota', 'REVO', 'pickupcab', 2022, 609000, 'manual', '2wd', 'diesel', 0, 'เทา', 'บพ 8452', 'available', 0, 4, 2, '2026-06-04', '2025-07-24', 1, 1, 'Toyota Hilux Revo Smart Cab 2.4 Mid Prerunner เกียร์ ธรรมดา VAT รุ่งนิรันดร์ (4/6/69) ราคาป้ายแดง 804,000 บาท ลดเหลือ 609,000 บาท ผ่อนเริ่มต้น : 10,xxx จำนวน 84 งวด AY : 590 / KL : 582 / TTB: 570 SLG', JSON_ARRAY('https://www.rungniran.co.th/wp-content/uploads/2026/06/8452.jpg')),
  ('Toyota', 'YARIS', 'sedan', 2019, 409000, 'auto', '2wd', 'gasoline', 0, 'เทา', '8กษ 1356', 'available', 0, 5, 4, '2026-06-04', '2019-08-08', 1, 1, 'Yaris 1.2 E เกียร์ ออโต้ VAT รุ่งนิรันดร์ (4/6/69) ราคาป้ายแดง 569,000 บาท ลดเหลือ 409,000 บาท ผ่อนเริ่มต้น : 6,xxx จำนวน 84 งวด KL : 376 / TTB: 370 / AY : 325 EES', JSON_ARRAY('https://www.rungniran.co.th/wp-content/uploads/2026/06/1356.jpg')),
  ('Toyota', 'YARIS', 'sedan', 2018, 409000, 'auto', '2wd', 'gasoline', 0, 'ขาว', '7กฌ 9976', 'available', 0, 5, 4, '2026-06-04', '2018-06-13', 1, 1, 'Yaris ATIV 1.2 S เกียร์ ออโต้ VAT รุ่งนิรันดร์ (4/6/69) ราคาป้ายแดง 639,000 บาท ลดเหลือ 409,000 บาท ผ่อนเริ่มต้น : 6,xxx จำนวน 84 งวด KL : 372 / TTB: 370 / AY : 345 EZb', JSON_ARRAY('https://www.rungniran.co.th/wp-content/uploads/2026/06/9976.jpg')),
  ('Ford', 'RANGER', 'pickupcab', 2019, 399000, 'manual', '2wd', 'diesel', 0, 'ดำ', 'บร 6065', 'reserved', 0, 4, 2, '2026-06-05', '2020-03-02', 1, 1, 'Ford Ranger Cab 2.2 Hi-Rider XLS เกียร์ธรรมดา VAT รุ่งนิรันดร์ 5/6/69 ราคาป้ายแดง 699,000 บาท ลดเหลือ 399,000 บาท TTB90 ผ่อนเริ่มต้น : 6,xxx จำนวน 84 งวด TTB : 385 / AY : 340 / KL : 333 ZGS 1.สกลฯ ดา 18/6/69 (อิสระ)', JSON_ARRAY('https://www.rungniran.co.th/wp-content/uploads/2026/06/6065.jpg')),
  ('Isuzu', 'D-MAX', 'pickup4', 2021, 649000, 'auto', '2wd', 'diesel', 0, 'เทา', '2ขฆ 6120', 'available', 0, 5, 4, '2026-06-05', '2021-05-28', 1, 1, 'D-Max Double Cab 1.9 Hi-Lander Z เกียร์ออโต้ VAT รุ่งนิรันดร์ 5/6/69 ราคาป้ายแดง 927,000 บาท ลดเหลือ 649,000 บาท AY95 ผ่อนเริ่มต้น : 11,xxx จำนวน 84 งวด AY : 630/ KL : 675 / TTB : 675 SGI', JSON_ARRAY('https://www.rungniran.co.th/wp-content/uploads/2026/06/6120.jpg')),
  ('Toyota', 'VIOS', 'sedan', 2018, 359000, 'auto', '2wd', 'gasoline', 0, 'เทา', '7กณ 5498', 'available', 0, 5, 4, '2026-06-05', '2018-10-09', 1, 1, 'Vios 1.5 J เกียร์ออโต้ VAT รุ่งนิรันดร์ 5/6/69 ราคาป้ายแดง 609,000 บาท ลดเหลือ 359,000 บาท AY95 ผ่อนเริ่มต้น : 6,xxx จำนวน 84 งวด AY : 320 / KL : 333 / TTB : 310 ZGI', JSON_ARRAY('https://www.rungniran.co.th/wp-content/uploads/2026/06/5498.jpg')),
  ('BMW', '(พี่พร-2113)', 'suv', 2026, 0, 'auto', '2wd', 'gasoline', 0, NULL, 'ขม 2113', 'available', 0, 5, 4, '2026-06-06', NULL, 2, 2, 'เกียร์ ธรรมดา VAT/NOVAT รุ่งนิรันดร์ ราคาป้ายแดง บาท ลดเหลือ บาท ผ่อนเริ่มต้น : จำนวน งวด AY : / KL : / TTB: / CIMB : / KK :', JSON_ARRAY('https://www.rungniran.co.th/wp-content/uploads/2026/06/ขม-2113-อุดรธานี-01.jpg')),
  ('Mazda', 'MAZDA2', 'sedan', 2021, 419000, 'auto', '2wd', 'gasoline', 0, 'ดำ', '1ขศ 4269', 'available', 0, 5, 4, '2026-06-08', '2021-12-27', 1, 1, 'Mazda2 1.3 Skyactiv-G C Sedan MY19 เกียร์ออโต้ VAT รุ่งนิรันดร์ 8/6/69 ราคาป้ายแดง 599,000 บาท ลดเหลือ 419,000 บาท TTB95 ผ่อนเริ่มต้น : 6,xxx จำนวน 84 งวด TTB : 380 / KL : 358 / AY : 275 EHS', JSON_ARRAY('https://www.rungniran.co.th/wp-content/uploads/2026/06/4269.jpg')),
  ('Toyota', 'YARIS', 'sedan', 2019, 409000, 'auto', '2wd', 'gasoline', 0, 'เทา', 'กว 5268', 'available', 0, 5, 4, '2026-06-08', '2019-06-07', 1, 1, 'Yaris 1.2 E เกียร์ออโต้ VAT รุ่งนิรันดร์ (8/6/69) ราคาป้ายแดง 569,000 บาท ลดเหลือ 409,000 บาท ผ่อนเริ่มต้น : 6,xxx จำนวน 84 งวด KL : 376 / TTB : 370 / AY : 325 EEb', JSON_ARRAY('https://www.rungniran.co.th/wp-content/uploads/2026/06/5268.jpg')),
  ('Nissan', 'ALMERA', 'sedan', 2020, 399000, 'auto', '2wd', 'gasoline', 0, 'ส้ม', '9กฬ 3944', 'available', 0, 5, 4, '2026-06-09', '2020-04-28', 1, 1, 'Almera 1.0 VL เกียร์ออโต้ NO VAT รุ่งนิรันดร์ 8/6/69 ราคาป้ายแดง 639,000 บาท ลดเหลือ 399,000 บาท TTB90 ผ่อนเริ่มต้น : 6,xxx จำนวน 84 งวด AY : 280 / KL : 347 / TTB : 380 ELb', JSON_ARRAY('https://www.rungniran.co.th/wp-content/uploads/2026/06/3944.jpg')),
  ('Nissan', 'NP300', 'pickupcab', 2019, 359000, 'manual', '2wd', 'diesel', 0, 'ดำ', '3ฒฐ 6841', 'available', 0, 4, 2, '2026-06-09', '2020-06-28', 1, 1, 'Navara NP300 Cab 2.5 E เกียร์ธรรมดา VAT รุ่งนิรันดร์ 9/6/69 ราคาป้ายแดง 667,000 บาท ลดเหลือ 359,000 บาท TTB95 ผ่อนเริ่มต้น : 5,xxx จำนวน 84 งวด TTB : 325 / KL : 301 / AY : 220 EII', JSON_ARRAY('https://www.rungniran.co.th/wp-content/uploads/2026/06/6841.jpg')),
  ('Yamaha', 'X-MAX300SP (B5XC00)', 'motorcycle', 2022, 159000, 'auto', '2wd', 'gasoline', 0, NULL, '8ขจ 3652', 'available', 0, 2, 0, '2026-06-10', NULL, 2, 1, 'X-MAX300SP (B5XC00) เกียร์ ออโต้ VAT/NOVAT รุ่งนิรันดร์ CIMB.148,100 AY.163,200 ราคาเงินสด 159,000 บาท (AY) ฟรีดาวน์ ค่างวด 4,200 ผ่อน 60 งวด', JSON_ARRAY('https://www.rungniran.co.th/wp-content/uploads/2026/06/3652.jpg')),
  ('Yamaha', 'X-MAX300 (BKA200)', 'motorcycle', 2023, 169000, 'auto', '2wd', 'gasoline', 0, NULL, '8ขย 7372', 'available', 0, 2, 0, '2026-06-10', NULL, 2, 1, 'X-MAX300 (BKA200) เกียร์ ออโต้ VAT/NOVAT รุ่งนิรันดร์ CIMB.142,100 AY.157,600 ราคาเงินสด 169,000 บาท (AY) ฟรีดาวน์ (มีเค) ค่างวด 4,200 ผ่อน 60 งวด', JSON_ARRAY('https://www.rungniran.co.th/wp-content/uploads/2026/06/7372.jpg')),
  ('Yamaha', 'X-MAX300 (BKA200)', 'motorcycle', 2023, 169000, 'auto', '2wd', 'gasoline', 0, NULL, '9ขผ 4931', 'reserved', 0, 2, 0, '2026-06-10', NULL, 2, 1, 'X-MAX300 (BKA200) เกียร์ ออโต้ VAT/NOVAT รุ่งนิรันดร์ CIMB.142,100 AY.157,600 ราคาเงินสด 169,000 บาท (AY) ฟรีดาวน์ ค่างวด 4,200 ผ่อน 60 งวด 1.ดีรุ่งเรือง ตั้ม 17/6/69 (ศรายุทธ)', JSON_ARRAY('https://www.rungniran.co.th/wp-content/uploads/2026/06/4931.jpg')),
  ('Yamaha', 'X-MAX300 (B5XD00)', 'motorcycle', 2019, 129000, 'auto', '2wd', 'gasoline', 0, NULL, '2กอ 3767', 'available', 0, 2, 0, '2026-06-10', NULL, 1, 1, 'X-MAX300 (B5XD00) เกียร์ ออโต้ VAT/NOVAT รุ่งนิรันดร์ CIMB.111,500 AY.101,800 ราคาเงินสด 129,000 บาท (CIMB) ดาวน์ 9,000 ค่างวด 4,300 ผ่อน 36 งวด', JSON_ARRAY('https://www.rungniran.co.th/wp-content/uploads/2026/06/7437-0.jpg')),
  ('Honda', 'FORZA350(NSS350AP 2TH)', 'motorcycle', 2022, 159000, 'auto', '2wd', 'gasoline', 0, NULL, '4ขน 42', 'available', 0, 2, 0, '2026-06-10', NULL, 1, 1, 'FORZA350(NSS350AP 2TH) เกียร์ ออโต้ VAT/NOVAT รุ่งนิรันดร์ AY.158,500 CIMB.144,100 ราคาเงินสด 159,000 บาท (CIMB) ฟรีดาวน์ ค่างวด 4,200 ผ่อน 60 งวด', JSON_ARRAY('https://www.rungniran.co.th/wp-content/uploads/2026/06/42-0.jpg')),
  ('Mazda', 'MAZDA2', 'sedan', 2019, 369000, 'auto', '2wd', 'gasoline', 0, 'น้ำตาล', '8กล 2273', 'available', 0, 5, 4, '2026-06-12', '2019-06-07', 1, 2, 'Mazda 2 1.3 Skyactiv High Plus เกียร์ ออโต้ VAT ดีรุ่งเรือง (11/6/69) ราคาป้ายแดง 670,000 บาท ลดเหลือ 369,000 บาท ผ่อนเริ่มต้น : 6,xxx จำนวน 84 งวด TTB: 335 / KL : 325 con / AY : 265 EAE', JSON_ARRAY('https://www.rungniran.co.th/wp-content/uploads/2026/06/2273-2.jpg')),
  ('Mitsubishi', 'ATTRAGE', 'sedan', 2019, 299000, 'auto', '2wd', 'gasoline', 0, 'ขาว', 'กธ 7737', 'reserved', 0, 5, 4, '2026-06-12', '2019-08-16', 1, 3, 'Attarge 1.2 GLX เกียร์ออโต้ VAT ดีเวลล์ 11/6/69 ราคาป้ายแดง 517,000 บาท ลดเหลือ 299,000 บาท AY100 ผ่อนเริ่มต้น : 4,xxx จำนวน 84 งวด AY : 245 / KL : 229 / TTB : 235 ZEA 1.โคราช ออย 16/6/69 (เอนก)', JSON_ARRAY('https://www.rungniran.co.th/wp-content/uploads/2026/06/7737.jpg')),
  ('Toyota', 'REVO', 'pickupcab', 2020, 439000, 'manual', '2wd', 'diesel', 0, 'ขาว', '3ฒช 5274', 'available', 0, 4, 2, '2026-06-12', '2021-04-28', 1, 3, 'Revo Cab 2.4 Entry Z Edition เกียร์ธรรมดา VAT ดีเวลล์ 11/6/69 ราคาป้ายแดง 619,000 บาท ลดเหลือ 439,000 บาท ผ่อนเริ่มต้น : 7,xxx จำนวน 84 งวด KL : 414 / TTB : 410 / AY : 400 STD LAb', JSON_ARRAY('https://www.rungniran.co.th/wp-content/uploads/2026/06/5274.jpg')),
  ('Mazda', 'MAZDA2', 'sedan', 2022, 439000, 'auto', '2wd', 'gasoline', 0, 'ขาว', '3ขด 3088', 'available', 0, 5, 4, '2026-06-12', '2022-09-22', 1, 1, 'Mazda 2 1.3 Skyactiv-G C Sports เกียร์ ออโต้ VAT รุ่งนิรันดร์ (11/6/69) ราคาป้ายแดง 599,000 บาท ลดเหลือ 439,000 บาท ผ่อนเริ่มต้น : 7,xxx จำนวน 84 งวด TTB: 400 / KL : 380 / AY : 295 EbE', JSON_ARRAY('https://www.rungniran.co.th/wp-content/uploads/2026/06/3088.jpg')),
  ('Mazda', 'MAZDA2', 'sedan', 2026, 0, 'auto', '2wd', 'gasoline', 0, NULL, 'ขพ 7617', 'incoming', 0, 5, 4, '2026-06-12', NULL, 1, 1, 'เกียร์ ธรรมดา VAT/NOVAT รุ่งนิรันดร์ ราคาป้ายแดง บาท ลดเหลือ บาท ผ่อนเริ่มต้น : จำนวน งวด AY : / KL : / TTB: / CIMB : / KK :', JSON_ARRAY('https://www.rungniran.co.th/wp-content/uploads/2026/06/7617-4.jpg')),
  ('Mazda', 'MAZDA2', 'sedan', 2026, 0, 'auto', '2wd', 'gasoline', 0, NULL, 'ขอ 9175', 'incoming', 0, 5, 4, '2026-06-12', NULL, 1, 1, 'เกียร์ ธรรมดา VAT/NOVAT รุ่งนิรันดร์ ราคาป้ายแดง บาท ลดเหลือ บาท ผ่อนเริ่มต้น : จำนวน งวด AY : / KL : / TTB: / CIMB : / KK :', JSON_ARRAY('https://www.rungniran.co.th/wp-content/uploads/2026/06/9175-4.jpg')),
  ('Toyota', 'REVO', 'pickupcab', 2026, 0, 'auto', '2wd', 'diesel', 0, NULL, '3ฒช 5263', 'incoming', 0, 4, 2, '2026-06-12', NULL, 1, 1, 'เกียร์ ธรรมดา VAT/NOVAT รุ่งนิรันดร์ ราคาป้ายแดง บาท ลดเหลือ บาท ผ่อนเริ่มต้น : จำนวน งวด AY : / KL : / TTB: / CIMB : / KK :', JSON_ARRAY('https://www.rungniran.co.th/wp-content/uploads/2026/06/5263-4-1.jpg')),
  ('Toyota', 'REVO', 'pickupcab', 2021, 449000, 'manual', '2wd', 'diesel', 0, 'เทา', '3ฒถ 2784', 'available', 0, 4, 2, '2026-06-12', '2022-03-01', 1, 1, 'Toyota Hilux Revo Smart Cab 2.4 Entry Z Edition เกียร์ ธรรมดา VAT รุ่งนิรันดร์ (11/6/69) ราคาป้ายแดง 619,000 บาท ลดเหลือ 449,000 บาท ผ่อนเริ่มต้น : 7,xxx จำนวน 84 งวด AY : 415 / KL : 417 / TTB: 435 EHL', JSON_ARRAY('https://www.rungniran.co.th/wp-content/uploads/2026/06/2784.jpg')),
  ('Toyota', 'VIOS', 'sedan', 2016, 339000, 'auto', '2wd', 'gasoline', 0, 'ขาว', 'ขษ 3452', 'reserved', 0, 5, 4, '2026-06-12', '2016-08-24', 1, 1, 'Vios 1.5 E เกียร์ออโต้ VAT รุ่งนิรันดร์ 11/6/69 EAT ราคาป้ายแดง 669,000 บาท ลดเหลือ 339,000 บาท AY95 ผ่อนเริ่มต้น : 5,xxx จำนวน 84 งวด AY : 295 / KL : 292 / TTB : 275 1.สนญ. หนุ่ย 15/6/69 (วชิรพงศ์)', JSON_ARRAY('https://www.rungniran.co.th/wp-content/uploads/2026/06/3452-4.jpg')),
  ('Toyota', 'YARIS', 'sedan', 2026, 0, 'auto', '2wd', 'gasoline', 0, NULL, '6กธ 2337', 'incoming', 0, 5, 4, '2026-06-12', NULL, 1, 1, 'เกียร์ ธรรมดา VAT/NOVAT รุ่งนิรันดร์ ราคาป้ายแดง บาท ลดเหลือ บาท ผ่อนเริ่มต้น : จำนวน งวด AY : / KL : / TTB: / CIMB : / KK :', JSON_ARRAY('https://www.rungniran.co.th/wp-content/uploads/2026/06/2337-3.jpg')),
  ('Toyota', 'YARIS', 'sedan', 2020, 409000, 'auto', '2wd', 'gasoline', 0, 'เทา', '1ขถ 7783', 'available', 0, 5, 4, '2026-06-12', '2020-11-17', 1, 1, 'Yaris 1.2 Entry เกียร์ ออโต้ VAT รุ่งนิรันดร์ (12/6/69) ราคาป้ายแดง 549,000 บาท ลดเหลือ 409,000 บาท ผ่อนเริ่มต้น : 6,xxx จำนวน 84 งวด KL : 378 / TTB: 355 / AY : 320 EHA', JSON_ARRAY('https://www.rungniran.co.th/wp-content/uploads/2026/06/7783.jpg')),
  ('Ford', 'RANGER', 'pickupcab', 2021, 419000, 'manual', '2wd', 'diesel', 0, 'เทา', 'บล 3783', 'available', 0, 4, 2, '2026-06-13', '2021-10-27', 1, 1, 'Ford Ranger All-New Open Cab 2.2 Hi-Rider XL+ Sport เกียร์ ธรรมดา VAT รุ่งนิรันดร์ (12/6/69) ราคาป้ายแดง 692,000 บาท ลดเหลือ 419,000 บาท ผ่อนเริ่มต้น : 7,xxx จำนวน 84 งวด TTB: 415 / AY : 380 / KL : ไม่จัด EEb', JSON_ARRAY('https://www.rungniran.co.th/wp-content/uploads/2026/06/3783.jpg')),
  ('Honda', 'CITY', 'sedan', 2018, 429000, 'auto', '2wd', 'gasoline', 0, 'เทา', '7กย 7420', 'available', 0, 5, 4, '2026-06-13', '2018-07-28', 1, 1, 'City 1.5 V เกียร์ ออโต้ VAT รุ่งนิรันดร์ (12/6/69) ราคาป้ายแดง 649,000 บาท ลดเหลือ 429,000 บาท ผ่อนเริ่มต้น : 6,xxx จำนวน 84 งวด AY : 390 / KL : 404 / TTB: 365 ELL', JSON_ARRAY('https://www.rungniran.co.th/wp-content/uploads/2026/06/7420.jpg')),
  ('Toyota', 'VIOS', 'sedan', 2019, 419000, 'auto', '2wd', 'gasoline', 0, 'เทา', '8กม 8434', 'available', 0, 5, 4, '2026-06-13', '2019-05-24', 1, 1, 'Vios 1.5 Mid เกียร์ ออโต้ VAT รุ่งนิรันดร์ (12/6/69) ราคาป้ายแดง 699,000 บาท ลดเหลือ 419,000 บาท ผ่อนเริ่มต้น : 6,xxx จำนวน 84 งวด AY : 380 / KL : 386 / TTB: 365 EII', JSON_ARRAY('https://www.rungniran.co.th/wp-content/uploads/2026/06/8434.jpg')),
  ('Ford', 'RANGER', 'pickup4', 2019, 499000, 'auto', '2wd', 'diesel', 0, 'ขาว', 'ขพ 1638', 'reserved', 0, 5, 4, '2026-06-15', '2019-08-02', 1, 1, 'Ford Ranger All-New Double Cab 2.2 Hi-Rider XLT เกียร์ ออโต้ NOVAT รุ่งนิรันดร์ (15/6/69) ราคาป้ายแดง 884,000 บาท ลดเหลือ 499,000 บาท ผ่อนเริ่มต้น : 8,xxx จำนวน 84 งวด TTB: 495 / AY : 450 / KL : ไม่จัด LAA 1.โคราช ตูน 17/6/69 (คธายุทธ)', JSON_ARRAY('https://www.rungniran.co.th/wp-content/uploads/2026/06/1638.jpg')),
  ('Toyota', 'YARIS', 'sedan', 2020, 449000, 'auto', '2wd', 'gasoline', 0, 'ขาว', 'งฉ 1997', 'available', 0, 5, 4, '2026-06-15', NULL, 1, 1, 'Yaris ATIV 1.2 High เกียร์ ออโต้ VAT รุ่งนิรันดร์ (15/6/69) ราคาป้ายแดง 649,000 บาท ลดเหลือ 449,000 บาท ผ่อนเริ่มต้น : 7,xxx จำนวน 84 งวด KL : 430 / TTB: 395 / AY : 380 ESH', JSON_ARRAY('https://www.rungniran.co.th/wp-content/uploads/2026/06/1997.jpg')),
  ('Isuzu', 'D-MAX', 'pickupcab', 2017, 399000, 'manual', '2wd', 'diesel', 0, 'เทา', 'ผค 1299', 'available', 0, 4, 2, '2026-06-15', '2018-01-28', 1, 1, 'D-Max All New Blue Power Spacecab 1.9 Ddi S เกียร์ ธรรมดา VAT รุ่งนิรันดร์ (15/6/69) ราคาป้ายแดง 595,000 บาท ลดเหลือ 399,000 บาท ผ่อนเริ่มต้น : 6,xxx จำนวน 84 งวด TTB: 375 / KL : 350 / AY : 315 ELI', JSON_ARRAY('https://www.rungniran.co.th/wp-content/uploads/2026/06/1299.jpg')),
  ('Toyota', 'YARIS', 'sedan', 2020, 449000, 'auto', '2wd', 'gasoline', 0, 'แดง', 'กฉ 7199', 'available', 0, 5, 4, '2026-06-15', '2020-04-27', 1, 1, 'Yaris ATIV 1.2 High เกียร์ ออโต้ VAT รุ่งนิรันดร์ (15/6/69) ราคาป้ายแดง 649,000 บาท ลดเหลือ 449,000 บาท ผ่อนเริ่มต้น : 7,xxx จำนวน 84 งวด KL : 430 / TTB: 395 / AY : 380 ETG', JSON_ARRAY('https://www.rungniran.co.th/wp-content/uploads/2026/06/7199.jpg')),
  ('Mitsubishi', 'TRITON', 'pickup4', 2026, 0, 'auto', '2wd', 'diesel', 0, NULL, 'ขว 7256', 'incoming', 0, 5, 4, '2026-06-16', NULL, 1, 1, 'เกียร์ ธรรมดา VAT/NOVAT รุ่งนิรันดร์ ราคาป้ายแดง บาท ลดเหลือ บาท ผ่อนเริ่มต้น : จำนวน งวด AY : / KL : / TTB: / CIMB : / KK :', JSON_ARRAY('https://www.rungniran.co.th/wp-content/uploads/2026/06/7256-2.jpg')),
  ('Honda', '(CBR650RAN TH)', 'motorcycle', 2021, 239000, 'manual', '2wd', 'gasoline', 0, NULL, '1กผ 4782', 'incoming', 0, 2, 0, '2026-06-17', NULL, 1, 1, 'HONDA (CBR650RAN TH) เกียร์ ธรรมดา VAT/NOVAT รุ่งนิรันดร์ AY.221,000 CIMB.175,100 ราคา 239,000 บาท (AY) ดาวน์ 9,000 ค่างวด 5,700บาท / 60 งวด', JSON_ARRAY('https://www.rungniran.co.th/wp-content/uploads/2026/06/4782-00.jpg')),
  ('Yamaha', 'X-MAX300 (B5XD00)', 'motorcycle', 2022, 149000, 'auto', '2wd', 'gasoline', 0, NULL, '5ขต 1905', 'available', 0, 2, 0, '2026-06-17', NULL, 1, 1, 'X-MAX300 (B5XD00) เกียร์ ออโต้ VAT/NOVAT รุ่งนิรันดร์ CIMB.125,600 AY.143,100 ราคาเงินสด 149,000 บาท (AY) ฟรีดาวน์ ค่างวด 3,900 ผ่อน 60 งวด', JSON_ARRAY('https://www.rungniran.co.th/wp-content/uploads/2026/06/1905-20.jpg')),
  ('Toyota', 'YARIS', 'sedan', 2015, 339000, 'auto', '2wd', 'gasoline', 0, 'ดำ', 'ขง 1728', 'available', 0, 5, 4, '2026-06-17', '2015-11-03', 1, 2, 'Yaris 1.2 G เกียร์ ออโต้ VAT ดีรุ่งเรือง (16/6/69) ราคาป้ายแดง 599,000 บาท ลดเหลือ 339,000 บาท ผ่อนเริ่มต้น : 5,xxx จำนวน 84 งวด KL : 297 / TTB: 280 / AY : 250 ZGI', JSON_ARRAY('https://www.rungniran.co.th/wp-content/uploads/2026/06/1728.jpg')),
  ('Honda', 'CITY', 'sedan', 2020, 499000, 'auto', '2wd', 'gasoline', 0, 'ดำ', '1ขจ 9249', 'available', 0, 5, 4, '2026-06-17', '2020-08-11', 1, 1, 'City Turbo 1.0 SV เกียร์ ออโต้ VAT รุ่งนิรันดร์ (17/6/69) ราคาป้ายแดง 665,000 บาท ลดเหลือ 499,000 บาท ผ่อนเริ่มต้น : 8,xxx จำนวน 84 งวด AY : 465 / KL : 453 / TTB: 450 EHG', JSON_ARRAY('https://www.rungniran.co.th/wp-content/uploads/2026/06/9249.jpg')),
  ('Mitsubishi', 'TRITON', 'pickup4', 2020, 479000, 'manual', '2wd', 'diesel', 0, 'เทา', '1ขล 574', 'available', 0, 5, 4, '2026-06-17', '2021-02-10', 1, 1, 'Triton All New Double Cab 2.4 GLS Plus เกียร์ ธรรมดา VAT รุ่งนิรันดร์ (17/6/69) ราคาป้ายแดง 824,000 บาท ลดเหลือ 479,000 บาท ผ่อนเริ่มต้น : 8,xxx จำนวน 84 งวด AY : 445 / KL : 411 / TTB: 515 EHS', JSON_ARRAY('https://www.rungniran.co.th/wp-content/uploads/2026/06/574.jpg')),
  ('Toyota', 'YARIS', 'sedan', 2026, 0, 'auto', '2wd', 'gasoline', 0, NULL, '7กฏ 5740', 'incoming', 0, 5, 4, '2026-06-17', NULL, 1, 1, 'เกียร์ ธรรมดา VAT/NOVAT รุ่งนิรันดร์ ราคาป้ายแดง บาท ลดเหลือ บาท ผ่อนเริ่มต้น : จำนวน งวด AY : / KL : / TTB: / CIMB : / KK :', JSON_ARRAY('https://www.rungniran.co.th/wp-content/uploads/2026/06/5740-2.jpg')),
  ('Mazda', 'MAZDA2', 'sedan', 2019, 379000, 'auto', '2wd', 'gasoline', 0, 'แดง', '9กภ 2995', 'available', 0, 5, 4, '2026-06-18', '2020-03-11', 1, 1, 'Mazda 2 1.3 Skyactiv High Plus เกียร์ ออโต้ VAT รุ่งนิรันดร์ (17/6/69) ราคาป้ายแดง 670,000 บาท ลดเหลือ 379,000 บาท ผ่อนเริ่มต้น : 6,xxx จำนวน 84 งวด KL : 347 / TTB: 335 / AY : 265 EAb', JSON_ARRAY('https://www.rungniran.co.th/wp-content/uploads/2026/06/2995.jpg')),
  ('Toyota', 'YARIS', 'sedan', 2017, 349000, 'auto', '2wd', 'gasoline', 0, 'ขาว', '6กถ 7684', 'available', 0, 5, 4, '2026-06-18', '2017-08-17', 1, 2, 'Yaris 1.2 E เกียร์ ออโต้ VAT ดีรุ่งเรือง (17/6/69) ราคาป้ายแดง 549,000 บาท ลดเหลือ 349,000 บาท ผ่อนเริ่มต้น : 5,xxx จำนวน 84 งวด KL : 311 / TTB: 260 / AY : 255 EAT', JSON_ARRAY('https://www.rungniran.co.th/wp-content/uploads/2026/06/7684.jpg')),
  ('Toyota', 'REVO', 'pickupcab', 2022, 0, 'manual', '2wd', 'diesel', 0, 'เทา', '3ฒธ 1156', 'incoming', 0, 4, 2, '2026-06-18', '2022-05-06', 1, 3, 'Revo Cab 2.5 Mid Z Edition เกียร์ธรรมดา VAT ดีเวลล์ ราคาป้ายแดง บาท ลดเหลือ บาท ผ่อนเริ่มต้น : จำนวน งวด AY : / KL : / TTB :', JSON_ARRAY('https://www.rungniran.co.th/wp-content/uploads/2026/06/1156-4.jpg')),
  ('Toyota', 'REVO', 'pickupcab', 2022, 0, 'manual', '2wd', 'diesel', 0, 'เทา', '3ฒธ 1158', 'incoming', 0, 4, 2, '2026-06-18', '2022-05-06', 1, 1, 'Revo Cab 2.5 Mid Z Edition เกียร์ธรรมดา VAT รุ่งนิรันดร์ ราคาป้ายแดง บาท ลดเหลือ บาท ผ่อนเริ่มต้น : จำนวน งวด AY : / KL : / TTB :', JSON_ARRAY('https://www.rungniran.co.th/wp-content/uploads/2026/06/1158-4.jpg')),
  ('Isuzu', 'D-MAX', 'pickup4', 2026, 0, 'auto', '2wd', 'diesel', 0, NULL, '4ขด 371', 'incoming', 0, 5, 4, '2026-06-19', NULL, 1, 1, 'เกียร์ ธรรมดา VAT/NOVAT รุ่งนิรันดร์ ราคาป้ายแดง บาท ลดเหลือ บาท ผ่อนเริ่มต้น : จำนวน งวด AY : / KL : / TTB: / CIMB : / KK :', JSON_ARRAY('https://www.rungniran.co.th/wp-content/uploads/2026/06/371-4.jpg')),
  ('Isuzu', 'D-MAX', 'pickupcab', 2026, 0, 'auto', '2wd', 'diesel', 0, NULL, 'ผก 8570', 'incoming', 0, 4, 2, '2026-06-19', NULL, 1, 1, 'เกียร์ ธรรมดา VAT/NOVAT รุ่งนิรันดร์ ราคาป้ายแดง บาท ลดเหลือ บาท ผ่อนเริ่มต้น : จำนวน งวด AY : / KL : / TTB: / CIMB : / KK :', JSON_ARRAY('https://www.rungniran.co.th/wp-content/uploads/2026/06/8570-2.jpg')),
  ('Mazda', 'BT-50', 'pickupcab', 2026, 0, 'auto', '2wd', 'diesel', 0, NULL, 'ผจ 8009', 'incoming', 0, 4, 2, '2026-06-19', NULL, 1, 1, 'เกียร์ ธรรมดา VAT/NOVAT รุ่งนิรันดร์ ราคาป้ายแดง บาท ลดเหลือ บาท ผ่อนเริ่มต้น : จำนวน งวด AY : / KL : / TTB: / CIMB : / KK :', JSON_ARRAY('https://www.rungniran.co.th/wp-content/uploads/2026/06/8009-4.jpg')),
  ('Toyota', 'REVO', 'pickupcab', 2026, 0, 'auto', '2wd', 'diesel', 0, NULL, 'บว 4788', 'incoming', 0, 4, 2, '2026-06-19', NULL, 1, 1, 'เกียร์ ธรรมดา VAT/NOVAT รุ่งนิรันดร์ ราคาป้ายแดง บาท ลดเหลือ บาท ผ่อนเริ่มต้น : จำนวน งวด AY : / KL : / TTB: / CIMB : / KK :', JSON_ARRAY('https://www.rungniran.co.th/wp-content/uploads/2026/06/4788-2.jpg')),
  ('Yamaha', 'X-MAX300 (B5XD00)', 'motorcycle', 2022, 149000, 'auto', '2wd', 'gasoline', 0, NULL, '5ขย 2666', 'available', 0, 2, 0, '2026-06-19', NULL, 1, 1, 'X-MAX300 (B5XD00) เกียร์ ออโต้ VAT/NOVAT รุ่งนิรันดร์ CIMB.148,100 AY.143,100 ราคาเงินสด 149,000 บาท (AY) ฟรีดาวน์ ค่างวด3,900 ผ่อน 60 งวด', JSON_ARRAY('https://www.rungniran.co.th/wp-content/uploads/2026/06/2666.jpg')),
  ('Nissan', 'NAVARA', 'pickup4', 2026, 0, 'auto', '2wd', 'diesel', 0, NULL, '1ขช 2986', 'incoming', 0, 5, 4, '2026-06-19', NULL, 1, 1, 'เกียร์ ธรรมดา VAT/NOVAT รุ่งนิรันดร์ ราคาป้ายแดง บาท ลดเหลือ บาท ผ่อนเริ่มต้น : จำนวน งวด AY : / KL : / TTB: / CIMB : / KK :', JSON_ARRAY('https://www.rungniran.co.th/wp-content/uploads/2026/06/2986-1.jpg'));
